-5,6875;
-1,39061;
-9,20311;
-2,95311;
-4,906235;
-5,6875;
-9,20311;
-10,76561;
-12,32811;
-17,01561;
-20,53123;
-19,74998;
-20,53123;
-26,78123;
-27,17186;
-27,95311;
-37,71874;
-37,32812;
-45,14061;
-47,48437;
-50,21874;
-46,70312;
-52,17187;
-50,99999;
-49,82812;
-50,60936;
-49,82812;
-50,21874;
-52,17187;
-55,68749;
-53,34373;
-52,17187;
-57,64062;
-50,99999;
-54,12498;
-59,98437;
-51,39062;
-55,29687;
-55,29687;
-54,90624;
-57,24999;
-52,95312;
-56,46874;
-55,29687;
-55,68749;
-54,12498;
-54,90624;
-55,68749;
-56,07811;
-56,07811;
-57,64062;
-54,90624;
-56,46874;
-58,81248;
-54,90624;
-55,68749;
-57,64062;
-53,73437;
-56,07811;
-56,85936;
-56,07811;
-57,64062;
-55,68749;
-57,24999;
-58,03125;
-58,03125;
-57,24999;
-56,07811;
-55,68749;
-58,03125;
-54,12498;
-58,03125;
-55,68749;
-51,39062;
-58,03125;
-57,24999;
-54,90624;
-58,03125;
-53,34373;
-56,46874;
-55,29687;
-57,24999;
-57,24999;
-52,5625;
-55,68749;
-56,46874;
-54,90624;
-55,29687;
-52,95312;
-53,73437;
-53,34373;
-54,51562;
-55,29687;
-56,85936;
-53,73437;
-52,5625;
-52,17187;
-53,73437;
-49,82812;
-52,17187;
-48,65624;
-52,5625;
-49,43749;
-50,21874;
-51,78124;
-48,26562;
-52,17187;
-49,04687;
-50,99999;
-49,82812;
-48,26562;
-50,99999;
-50,60936;
-48,26562;
-48,26562;
-46,70312;
-49,43749;
-47,87498;
-45,92187;
-47,48437;
-45,14061;
-42,40623;
-45,53124;
-44,35936;
-42,79687;
-46,70312;
-43,18749;
-44,35936;
-41,23437;
-43,18749;
-39,28124;
-42,01562;
-37,71874;
-39,67186;
-36,54688;
-35,37498;
-33,42186;
-32,64061;
-33,42186;
-31,07813;
-30,29686;
-26,39063;
-26,39063;
-25,99998;
-22,875;
-23,26561;
-22,875;
-17,79686;
-18,57811;
-16,23436;
-11,54686;
-13,49998;
-12,32811;
-8,421875;
-11,15625;
-8,421875;
-6,85936;
-7,249985;
-6,07811;
-2,95311;
1,343765;
-1,39061;
1,73439;
2,51564;
-1,781235;
0,9531403;
2,51564;
2,51564;
6,42189;
3,296875;
4,07814;
6,812515;
14,62502;
7,593765;
4,468765;
4,07814;
10,32814;
6,03125;
4,468765;
6,812515;
7,98439;
6,812515;
7,593765;
4,85939;
9,54689;
4,85939;
9,156265;
7,593765;
6,812515;
9,937515;
8,375015;
20,09377;
8,375015;
7,20314;
8,76564;
9,937515;
7,98439;
9,937515;
12,28127;
9,156265;
9,54689;
9,54689;
7,98439;
7,98439;
6,03125;
8,76564;
9,937515;
8,375015;
13,06252;
12,67189;
13,84377;
13,45314;
6,42189;
11,50002;
10,71877;
9,937515;
13,45314;
9,54689;
9,156265;
11,50002;
10,71877;
10,32814;
10,32814;
10,71877;
13,45314;
11,10939;
11,89064;
12,67189;
11,50002;
13,45314;
7,593765;
11,89064;
15,01564;
11,50002;
14,23439;
13,84377;
17,35939;
15,01564;
11,10939;
10,71877;
13,84377;
11,10939;
13,45314;
15,01564;
10,71877;
15,79689;
14,62502;
12,28127;
18,14064;
11,10939;
12,28127;
11,50002;
11,50002;
18,92189;
13,06252;
10,71877;
11,50002;
9,937515;
15,79689;
11,89064;
11,89064;
15,40627;
10,32814;
15,40627;
15,40627;
10,71877;
13,06252;
14,62502;
9,937515;
15,79689;
10,32814;
11,10939;
12,28127;
11,50002;
11,10939;
12,67189;
9,937515;
13,45314;
5,250015;
7,593765;
8,76564;
6,03125;
1,73439;
-0,2187347;
-3,343735;
-4,124985;
-11,93748;
-13,49998;
-18,18748;
-24,82813;
-28,73436;
-34,20311;
-39,67186;
-46,70312;
-49,82812;
-52,17187;
-47,87498;
-53,73437;
-50,99999;
-53,73437;
-55,29687;
-56,07811;
-54,51562;
-57,24999;
-56,07811;
-56,46874;
-57,64062;
-58,03125;
-58,42187;
-58,03125;
-59,20312;
-59,20312;
-59,98437;
-61,54687;
-61,15624;
-63,10937;
-60,76562;
-58,42187;
-61,93749;
-58,81248;
-63,10937;
-63,49999;
-63,10937;
-60,37499;
-61,93749;
-59,98437;
-61,54687;
-61,15624;
-63,10937;
-61,54687;
-63,89062;
-62,32811;
-61,54687;
-59,98437;
-61,15624;
-59,20312;
-62,71874;
-63,89062;
-59,98437;
-66,23437;
-61,54687;
-61,54687;
-62,32811;
-61,15624;
-56,07811;
-57,64062;
-58,81248;
-56,85936;
-57,64062;
-57,24999;
-59,98437;
-55,29687;
-57,24999;
-59,98437;
-55,29687;
-57,24999;
-52,17187;
-53,73437;
-57,24999;
-55,29687;
-52,95312;
-56,46874;
-50,21874;
-53,34373;
-52,95312;
-50,21874;
-55,68749;
-54,51562;
-52,17187;
-50,99999;
-48,65624;
-56,46874;
-48,26562;
-51,78124;
-46,31249;
-49,43749;
-52,95312;
-47,48437;
-43,96874;
-50,21874;
-47,48437;
-46,70312;
-47,09373;
-43,96874;
-46,31249;
-45,53124;
-43,18749;
-42,79687;
-36,93748;
-38,89061;
-38,10938;
-31,46873;
-31,46873;
-30,29686;
-26,39063;
-22,875;
-21,70311;
-23,26561;
-20,53123;
-14,28123;
-15,84373;
-13,10936;
-11,54686;
-15,45311;
-7,64061;
-6,85936;
-2,95311;
1,343765;
-1,39061;
2,125015;
3,296875;
-0,2187347;
4,468765;
4,468765;
2,906265;
7,98439;
4,07814;
4,468765;
-3,73436;
5,250015;
7,20314;
7,20314;
5,64064;
5,250015;
5,250015;
7,593765;
8,76564;
14,62502;
9,156265;
6,812515;
6,42189;
8,375015;
8,375015;
8,76564;
9,54689;
6,03125;
9,54689;
6,42189;
1,73439;
6,42189;
7,593765;
10,32814;
6,42189;
7,593765;
11,10939;
10,71877;
8,375015;
12,67189;
8,76564;
9,937515;
15,01564;
11,10939;
9,937515;
9,937515;
12,28127;
11,89064;
7,20314;
11,10939;
9,156265;
9,937515;
12,67189;
5,64064;
13,06252;
15,40627;
11,10939;
10,32814;
12,67189;
10,71877;
16,96877;
13,06252;
10,32814;
13,84377;
10,32814;
13,84377;
14,23439;
12,28127;
11,89064;
12,67189;
10,71877;
18,14064;
11,10939;
16,18752;
11,89064;
12,28127;
16,18752;
9,937515;
13,45314;
14,62502;
11,50002;
13,84377;
12,28127;
13,06252;
15,01564;
11,89064;
13,84377;
11,10939;
11,10939;
12,67189;
11,89064;
12,28127;
15,01564;
11,50002;
12,28127;
8,76564;
14,23439;
14,23439;
7,593765;
11,10939;
16,57814;
12,28127;
11,10939;
11,50002;
8,76564;
13,45314;
6,812515;
4,85939;
4,85939;
0,9531403;
3,296875;
-4,906235;
-6,468735;
-4,906235;
-13,10936;
-17,01561;
-20,53123;
-29,125;
-34,98436;
-37,71874;
-45,53124;
-47,09373;
-48,65624;
-52,17187;
-49,82812;
-54,51562;
-52,17187;
-52,95312;
-54,12498;
-54,12498;
-57,64062;
-54,12498;
-57,24999;
-61,93749;
-56,07811;
-58,42187;
-61,93749;
-58,03125;
-63,89062;
-58,03125;
-58,81248;
-58,03125;
-58,81248;
-60,37499;
-61,15624;
-63,10937;
-61,54687;
-61,54687;
-60,76562;
-63,49999;
-62,71874;
-58,81248;
-62,32811;
-65,45312;
-63,49999;
-59,20312;
-59,98437;
-60,76562;
-61,15624;
-61,93749;
-60,76562;
-59,20312;
-62,71874;
-61,15624;
-59,98437;
-59,98437;
-59,98437;
-64,28125;
-59,98437;
-59,59373;
-61,93749;
-58,42187;
-57,64062;
-63,49999;
-57,24999;
-61,54687;
-57,64062;
-56,85936;
-60,76562;
-52,95312;
-58,81248;
-57,24999;
-55,29687;
-56,07811;
-55,29687;
-53,34373;
-55,29687;
-51,39062;
-56,85936;
-52,95312;
-54,12498;
-55,29687;
-50,99999;
-49,43749;
-54,12498;
-49,43749;
-51,39062;
-47,87498;
-50,60936;
-49,04687;
-47,09373;
-48,65624;
-50,21874;
-43,57812;
-49,82812;
-49,82812;
-46,70312;
-51,39062;
-44,35936;
-47,09373;
-46,70312;
-45,53124;
-44,74999;
-41,62498;
-42,79687;
-44,35936;
-36,54688;
-35,37498;
-33,42186;
-29,51561;
-28,34375;
-27,17186;
-25,60938;
-22,48436;
-20,53123;
-21,31248;
-18,57811;
-14,67188;
-13,49998;
-8,421875;
-9,98436;
-11,93748;
-1,781235;
-4,51561;
-5,6875;
0,1718903;
-4,124985;
3,296875;
2,125015;
0,1718903;
2,51564;
4,468765;
4,468765;
6,42189;
3,296875;
4,468765;
6,42189;
6,03125;
7,20314;
4,07814;
5,250015;
7,593765;
6,42189;
6,812515;
8,76564;
7,20314;
8,375015;
4,07814;
8,375015;
8,375015;
7,593765;
9,54689;
9,156265;
6,812515;
8,375015;
11,89064;
8,76564;
9,937515;
9,937515;
9,54689;
10,71877;
9,54689;
14,62502;
11,50002;
3,296875;
11,89064;
6,42189;
11,10939;
9,937515;
9,54689;
6,812515;
10,32814;
9,156265;
9,54689;
9,54689;
14,23439;
12,28127;
9,937515;
13,06252;
10,32814;
11,50002;
10,71877;
11,89064;
13,84377;
11,50002;
11,50002;
12,28127;
12,28127;
11,89064;
15,01564;
12,28127;
13,45314;
12,28127;
11,50002;
15,01564;
12,67189;
13,45314;
15,40627;
13,84377;
11,50002;
10,71877;
11,89064;
15,40627;
11,89064;
12,28127;
13,84377;
11,50002;
12,28127;
8,76564;
10,32814;
14,62502;
8,76564;
11,50002;
15,01564;
8,76564;
11,89064;
13,06252;
12,67189;
13,06252;
9,937515;
11,50002;
11,10939;
8,375015;
13,84377;
9,937515;
10,71877;
13,45314;
6,03125;
9,156265;
11,10939;
6,03125;
7,20314;
3,687515;
3,687515;
1,73439;
-2,562485;
-4,51561;
-6,85936;
-8,812485;
-17,40625;
-22,09375;
-24,82813;
-28,34375;
-37,71874;
-41,23437;
-43,57812;
-49,82812;
-52,5625;
-53,73437;
-53,73437;
-55,29687;
-54,90624;
-54,12498;
-56,46874;
-54,12498;
-56,85936;
-56,46874;
-58,42187;
-54,12498;
-57,64062;
-57,64062;
-57,24999;
-58,42187;
-56,85936;
-60,76562;
-59,59373;
-59,59373;
-58,81248;
-60,37499;
-61,15624;
-61,93749;
-61,15624;
-65,06248;
-60,76562;
-61,54687;
-62,71874;
-61,54687;
-61,93749;
-61,93749;
-59,59373;
-61,93749;
-61,54687;
-61,93749;
-62,32811;
-59,59373;
-61,15624;
-60,76562;
-60,76562;
-63,49999;
-58,03125;
-60,76562;
-61,93749;
-58,42187;
-59,20312;
-61,15624;
-60,76562;
-60,37499;
-59,98437;
-58,81248;
-59,59373;
-52,95312;
-57,64062;
-58,81248;
-56,85936;
-58,81248;
-55,29687;
-56,85936;
-57,64062;
-55,68749;
-58,03125;
-54,12498;
-51,39062;
-57,64062;
-54,51562;
-53,73437;
-54,12498;
-50,21874;
-52,95312;
-54,12498;
-48,65624;
-52,17187;
-45,14061;
-53,34373;
-51,78124;
-52,5625;
-48,26562;
-48,26562;
-48,65624;
-51,39062;
-45,92187;
-46,70312;
-46,70312;
-47,48437;
-47,87498;
-44,74999;
-48,26562;
-47,87498;
-41,62498;
-44,35936;
-38,49999;
-37,32812;
-37,32812;
-31,46873;
-30,29686;
-31,46873;
-26,78123;
-24,04686;
-23,26561;
-19,35938;
-20,53123;
-19,35938;
-13,89063;
-16,625;
-11,54686;
-13,10936;
-13,10936;
-9,20311;
-9,20311;
-1,781235;
-1,781235;
-0,6093597;
3,687515;
2,51564;
1,73439;
0,9531403;
-0,2187347;
5,250015;
3,687515;
4,07814;
7,98439;
-6,468735;
5,250015;
6,812515;
7,593765;
6,42189;
6,812515;
6,03125;
11,10939;
9,156265;
6,42189;
9,937515;
9,156265;
7,593765;
7,20314;
7,593765;
9,937515;
5,64064;
11,89064;
7,98439;
7,593765;
12,28127;
6,812515;
8,76564;
6,42189;
6,812515;
9,156265;
7,593765;
8,76564;
12,28127;
11,10939;
10,32814;
12,28127;
10,32814;
9,937515;
11,10939;
12,67189;
12,67189;
9,54689;
9,937515;
11,50002;
12,67189;
13,84377;
12,28127;
10,71877;
9,54689;
11,10939;
13,45314;
13,45314;
12,28127;
11,50002;
11,10939;
14,62502;
11,89064;
13,06252;
15,40627;
11,89064;
13,45314;
13,84377;
10,71877;
13,45314;
13,06252;
11,10939;
14,23439;
12,67189;
15,01564;
5,64064;
9,54689;
14,23439;
9,156265;
5,250015;
11,89064;
11,89064;
14,23439;
11,10939;
15,01564;
13,45314;
11,50002;
14,62502;
12,28127;
11,89064;
14,62502;
12,67189;
10,32814;
15,01564;
16,18752;
11,10939;
14,23439;
12,67189;
11,10939;
11,10939;
12,67189;
9,937515;
3,296875;
9,156265;
7,98439;
3,687515;
5,250015;
0,5625;
2,125015;
8,375015;
-6,85936;
-11,15625;
-11,93748;
-21,31248;
-20,92186;
-31,46873;
-32,24998;
-39,67186;
-47,48437;
-49,43749;
-54,90624;
-52,95312;
-51,78124;
-55,68749;
-53,34373;
-56,07811;
-56,07811;
-55,29687;
-56,46874;
-57,64062;
-53,34373;
-59,20312;
-58,03125;
-58,42187;
-58,81248;
-59,98437;
-58,81248;
-60,37499;
-56,85936;
-59,20312;
-62,71874;
-58,81248;
-64,67187;
-58,81248;
-62,71874;
-63,49999;
-59,59373;
-61,54687;
-60,76562;
-60,76562;
-65,45312;
-61,93749;
-63,89062;
-62,32811;
-60,37499;
-60,37499;
-60,37499;
-60,37499;
-64,67187;
-61,93749;
-63,49999;
-62,71874;
-62,71874;
-60,37499;
-58,03125;
-58,42187;
-60,76562;
-59,20312;
-61,93749;
-59,59373;
-57,64062;
-59,98437;
-57,64062;
-59,98437;
-59,20312;
-57,64062;
-56,46874;
-55,29687;
-55,29687;
-56,46874;
-54,12498;
-54,90624;
-57,64062;
-53,34373;
-55,29687;
-54,90624;
-53,34373;
-54,51562;
-54,51562;
-54,90624;
-53,73437;
-49,82812;
-54,90624;
-53,34373;
-53,34373;
-55,29687;
-47,09373;
-50,99999;
-48,65624;
-49,04687;
-46,31249;
-47,87498;
-50,21874;
-48,65624;
-47,48437;
-47,48437;
-47,48437;
-42,79687;
-45,92187;
-43,57812;
-41,62498;
-45,14061;
-40,84375;
-39,67186;
-40,84375;
-32,24998;
-30,68748;
-29,90623;
-29,125;
-27,56248;
-24,43748;
-22,09375;
-20,92186;
-17,01561;
-21,31248;
-11,54686;
-14,28123;
-14,67188;
-7,64061;
-8,812485;
-7,249985;
-5,6875;
-1,39061;
1,73439;
-1,39061;
-0,2187347;
4,468765;
0,9531403;
5,250015;
6,03125;
-0,2187347;
6,03125;
2,906265;
3,296875;
7,593765;
8,76564;
5,64064;
7,20314;
5,64064;
5,250015;
4,85939;
2,906265;
6,42189;
6,42189;
9,937515;
7,593765;
6,42189;
11,50002;
7,593765;
4,85939;
9,156265;
5,250015;
9,937515;
9,937515;
6,812515;
9,937515;
7,20314;
7,593765;
11,89064;
9,54689;
8,375015;
8,375015;
6,42189;
11,10939;
6,812515;
9,156265;
13,45314;
7,593765;
10,32814;
11,50002;
9,937515;
11,89064;
11,10939;
9,54689;
9,156265;
11,10939;
11,89064;
10,32814;
10,71877;
13,06252;
13,06252;
8,76564;
11,50002;
8,76564;
13,45314;
11,50002;
14,23439;
13,45314;
8,76564;
12,28127;
11,50002;
10,32814;
12,28127;
13,84377;
10,71877;
14,62502;
13,06252;
16,18752;
16,18752;
9,54689;
14,62502;
9,937515;
13,06252;
10,71877;
9,54689;
16,57814;
16,18752;
13,06252;
12,67189;
15,01564;
12,67189;
13,06252;
13,06252;
13,45314;
13,84377;
9,937515;
18,53127;
14,62502;
13,84377;
11,89064;
8,375015;
11,89064;
2,51564;
11,89064;
10,71877;
9,937515;
9,156265;
8,375015;
5,64064;
6,42189;
3,296875;
3,687515;
0,9531403;
-2,171875;
-6,07811;
-7,64061;
-13,49998;
-15,45311;
-22,48436;
-25,21873;
-29,125;
-38,10938;
-41,62498;
-43,96874;
-52,17187;
-49,04687;
-52,95312;
-51,78124;
-55,68749;
-56,46874;
-56,07811;
-57,24999;
-58,81248;
-56,46874;
-58,42187;
-60,37499;
-58,42187;
-59,59373;
-56,07811;
-58,81248;
-60,76562;
-58,81248;
-61,54687;
-59,59373;
-59,59373;
-61,93749;
-59,20312;
-63,10937;
-62,32811;
-61,15624;
-60,76562;
-61,54687;
-58,81248;
-62,32811;
-59,98437;
-59,98437;
-64,28125;
-59,20312;
-63,10937;
-65,45312;
-58,81248;
-61,93749;
-60,37499;
-60,37499;
-63,49999;
-63,10937;
-58,42187;
-59,98437;
-58,03125;
-61,54687;
-59,98437;
-61,93749;
-60,37499;
-56,07811;
-59,59373;
-61,15624;
-58,81248;
-59,98437;
-55,29687;
-58,81248;
-58,81248;
-56,85936;
-58,03125;
-58,42187;
-55,68749;
-53,73437;
-52,5625;
-55,29687;
-56,46874;
-54,12498;
-54,90624;
-54,51562;
-49,04687;
-54,90624;
-51,78124;
-52,95312;
-51,39062;
-47,09373;
-51,39062;
-50,60936;
-50,60936;
-53,34373;
-49,43749;
-50,99999;
-50,21874;
-49,04687;
-49,43749;
-48,65624;
-48,65624;
-47,87498;
-45,53124;
-45,92187;
-44,35936;
-44,74999;
-46,31249;
-40,84375;
-43,96874;
-42,40623;
-38,89061;
-36,54688;
-35,76561;
-31,85938;
-30,29686;
-27,56248;
-24,04686;
-24,43748;
-19,74998;
-18,18748;
-17,79686;
-12,71873;
-11,93748;
-10,76561;
-12,71873;
-8,031235;
-7,249985;
-6,468735;
-4,124985;
0,5625;
-0,6093597;
-0,9999847;
-0,2187347;
-1,781235;
6,03125;
2,51564;
-0,6093597;
9,54689;
3,296875;
6,42189;
2,125015;
4,468765;
3,687515;
8,76564;
5,64064;
8,76564;
5,250015;
8,76564;
9,156265;
4,468765;
7,98439;
6,812515;
7,20314;
8,76564;
6,03125;
8,375015;
7,20314;
7,593765;
10,32814;
5,64064;
10,32814;
11,10939;
7,98439;
6,03125;
7,20314;
6,42189;
9,156265;
10,32814;
10,71877;
11,10939;
7,98439;
11,89064;
8,375015;
10,71877;
9,937515;
8,76564;
12,67189;
12,28127;
8,375015;
10,71877;
10,71877;
14,23439;
12,28127;
7,20314;
13,45314;
12,67189;
12,28127;
15,01564;
11,10939;
12,28127;
13,45314;
11,10939;
13,84377;
13,84377;
13,45314;
14,23439;
11,50002;
12,28127;
16,18752;
11,89064;
12,67189;
9,937515;
11,10939;
12,28127;
12,28127;
12,28127;
13,84377;
10,71877;
12,67189;
8,375015;
9,937515;
15,01564;
9,156265;
13,06252;
13,84377;
12,28127;
12,67189;
27,90627;
13,06252;
14,62502;
12,67189;
12,28127;
14,23439;
11,50002;
11,89064;
11,89064;
11,50002;
12,67189;
12,28127;
11,10939;
6,42189;
12,67189;
10,32814;
7,593765;
7,593765;
5,64064;
15,01564;
6,42189;
3,296875;
-2,562485;
1,73439;
-9,593735;
-11,93748;
-13,49998;
-17,01561;
-22,48436;
-26,78123;
-32,24998;
-37,32812;
-45,53124;
-50,99999;
-51,39062;
-56,46874;
-50,99999;
-55,29687;
-54,12498;
-50,60936;
-54,51562;
-52,17187;
-56,07811;
-58,03125;
-56,07811;
-58,03125;
-61,15624;
-57,24999;
-59,59373;
-59,59373;
-57,64062;
-62,32811;
-59,98437;
-63,10937;
-61,54687;
-55,68749;
-61,54687;
-59,98437;
-60,37499;
-63,10937;
-60,76562;
-62,71874;
-62,32811;
-62,32811;
-65,84374;
-61,93749;
-62,32811;
-63,89062;
-61,93749;
-61,54687;
-61,93749;
-61,15624;
-67,40624;
-62,32811;
-63,10937;
-60,37499;
-59,20312;
-60,76562;
-59,59373;
-61,54687;
-59,59373;
-58,42187;
-59,20312;
-58,03125;
-56,85936;
-59,20312;
-58,81248;
-57,24999;
-56,85936;
-56,07811;
-56,85936;
-59,98437;
-56,85936;
-57,64062;
-56,46874;
-55,68749;
-58,81248;
-54,90624;
-53,73437;
-54,51562;
-52,95312;
-56,46874;
-51,39062;
-52,5625;
-54,12498;
-49,82812;
-49,82812;
-54,12498;
-52,5625;
-51,78124;
-51,78124;
-50,21874;
-51,78124;
-47,48437;
-49,43749;
-54,12498;
-43,57812;
-48,65624;
-47,48437;
-48,26562;
-45,14061;
-42,40623;
-45,14061;
-39,67186;
-40,84375;
-41,62498;
-39,28124;
-37,32812;
-38,49999;
-31,07813;
-32,64061;
-27,95311;
-28,34375;
-28,34375;
-21,70311;
-21,70311;
-20,53123;
-15,84373;
-15,84373;
-11,93748;
-11,15625;
-13,89063;
-8,031235;
-7,64061;
-4,51561;
-0,6093597;
-3,73436;
-0,2187347;
0,1718903;
-3,73436;
6,42189;
1,73439;
-4,906235;
15,79689;
2,125015;
3,687515;
5,64064;
1,73439;
4,07814;
6,42189;
1,73439;
9,54689;
6,812515;
7,98439;
6,03125;
6,812515;
11,10939;
4,85939;
5,64064;
11,10939;
6,812515;
8,76564;
6,42189;
6,812515;
7,20314;
8,76564;
7,20314;
-2,171875;
7,593765;
11,10939;
9,156265;
6,812515;
9,937515;
9,937515;
6,42189;
11,89064;
7,98439;
10,71877;
7,98439;
7,593765;
13,45314;
9,54689;
7,593765;
10,32814;
12,67189;
15,79689;
12,67189;
11,89064;
17,35939;
8,375015;
9,937515;
14,23439;
10,71877;
13,06252;
13,06252;
10,71877;
14,62502;
13,45314;
10,32814;
12,28127;
11,10939;
12,28127;
16,18752;
15,01564;
13,06252;
14,23439;
11,89064;
13,45314;
11,89064;
11,50002;
14,23439;
13,84377;
13,84377;
13,84377;
11,10939;
14,23439;
13,06252;
13,45314;
14,62502;
11,10939;
13,45314;
12,28127;
13,45314;
16,57814;
7,593765;
14,62502;
12,67189;
11,10939;
13,06252;
10,71877;
11,50002;
11,89064;
9,937515;
10,71877;
11,10939;
7,20314;
9,54689;
8,76564;
10,32814;
8,375015;
6,42189;
11,89064;
6,812515;
3,296875;
3,687515;
3,687515;
0,5625;
-0,2187347;
-6,07811;
-6,07811;
-13,10936;
-16,23436;
-15,06248;
-22,875;
-28,73436;
-34,98436;
-44,74999;
-47,09373;
-49,04687;
-52,5625;
-51,78124;
-53,73437;
-52,17187;
-52,5625;
-58,42187;
-56,07811;
-56,85936;
-57,24999;
-53,73437;
-59,98437;
-52,5625;
-58,42187;
-60,37499;
-56,46874;
-59,59373;
-61,93749;
-60,37499;
-63,10937;
-58,03125;
-59,20312;
-61,93749;
-61,54687;
-61,54687;
-61,15624;
-61,54687;
-64,28125;
-62,71874;
-63,49999;
-63,49999;
-62,71874;
-63,10937;
-64,28125;
-60,76562;
-63,89062;
-59,98437;
-62,71874;
-58,81248;
-59,20312;
-64,28125;
-58,03125;
-60,76562;
-61,15624;
-62,32811;
-64,67187;
-61,15624;
-57,24999;
-61,15624;
-57,24999;
-60,76562;
-59,20312;
-57,64062;
-58,03125;
-60,76562;
-57,24999;
-58,03125;
-54,90624;
-59,59373;
-60,76562;
-55,68749;
-56,07811;
-56,85936;
-55,68749;
-56,85936;
-54,90624;
-52,95312;
-54,90624;
-54,51562;
-55,29687;
-54,12498;
-51,39062;
-53,34373;
-50,99999;
-50,21874;
-51,78124;
-49,82812;
-51,39062;
-51,39062;
-48,65624;
-49,04687;
-46,70312;
-49,82812;
-50,21874;
-46,70312;
-45,92187;
-45,14061;
-40,84375;
-45,14061;
-42,79687;
-41,23437;
-44,35936;
-40,45312;
-41,62498;
-40,45312;
-33,8125;
-37,32812;
-28,73436;
-28,34375;
-25,99998;
-22,875;
-22,48436;
-17,79686;
-17,40625;
-18,96873;
-13,49998;
-17,40625;
-12,71873;
-7,249985;
-9,20311;
-4,124985;
-2,562485;
-3,343735;
-0,9999847;
-0,9999847;
4,07814;
3,296875;
0,1718903;
6,42189;
2,906265;
-0,2187347;
6,42189;
5,64064;
3,296875;
4,468765;
5,250015;
8,375015;
4,468765;
7,20314;
7,593765;
5,64064;
9,156265;
6,812515;
6,42189;
7,20314;
6,42189;
6,03125;
8,76564;
8,375015;
7,593765;
8,375015;
5,64064;
5,64064;
12,67189;
8,375015;
9,156265;
8,375015;
10,71877;
11,50002;
9,54689;
9,937515;
6,812515;
6,42189;
11,10939;
8,375015;
13,06252;
10,32814;
9,54689;
9,54689;
9,54689;
9,156265;
13,06252;
9,54689;
5,64064;
11,50002;
8,76564;
12,28127;
11,50002;
12,28127;
12,28127;
10,71877;
10,32814;
12,67189;
11,10939;
13,06252;
9,54689;
13,06252;
10,32814;
10,32814;
13,84377;
11,89064;
12,28127;
12,67189;
15,40627;
13,45314;
11,50002;
11,10939;
15,01564;
15,79689;
9,937515;
13,06252;
10,32814;
12,28127;
13,06252;
13,84377;
13,45314;
13,06252;
12,67189;
12,28127;
12,28127;
13,06252;
14,62502;
4,85939;
14,23439;
11,10939;
10,32814;
14,62502;
10,71877;
11,89064;
12,28127;
9,937515;
12,67189;
11,89064;
9,156265;
9,937515;
9,54689;
11,10939;
8,375015;
7,20314;
4,85939;
6,03125;
2,51564;
4,468765;
-4,124985;
-5,6875;
-7,249985;
-14,28123;
-10,76561;
-18,18748;
-26,39063;
-30,68748;
-38,49999;
-42,79687;
-47,09373;
-51,78124;
-49,43749;
-53,34373;
-54,90624;
-55,29687;
-52,95312;
-52,17187;
-53,73437;
-52,17187;
-56,07811;
-60,37499;
-56,85936;
-56,46874;
-60,76562;
-54,51562;
-61,54687;
-61,15624;
-58,81248;
-60,37499;
-59,98437;
-59,98437;
-61,54687;
-60,37499;
-59,59373;
-61,93749;
-62,71874;
-64,28125;
-63,49999;
-62,71874;
-62,71874;
-64,28125;
-61,54687;
-63,49999;
-60,37499;
-61,15624;
-56,07811;
-61,15624;
-63,49999;
-60,76562;
-59,20312;
-61,15624;
-59,98437;
-61,15624;
-56,85936;
-61,54687;
-60,76562;
-59,59373;
-61,54687;
-57,24999;
-63,10937;
-58,81248;
-56,46874;
-61,15624;
-57,64062;
-58,03125;
-56,85936;
-58,03125;
-57,64062;
-58,03125;
-54,51562;
-56,85936;
-55,29687;
-56,07811;
-54,90624;
-53,34373;
-57,24999;
-52,5625;
-54,12498;
-54,12498;
-53,34373;
-54,51562;
-54,12498;
-52,95312;
-52,5625;
-48,26562;
-52,17187;
-49,82812;
-47,87498;
-50,99999;
-48,65624;
-46,31249;
-50,60936;
-47,87498;
-47,48437;
-48,26562;
-42,01562;
-46,70312;
-45,53124;
-40,45312;
-44,35936;
-41,23437;
-38,49999;
-39,67186;
-36,54688;
-36,54688;
-36,54688;
-30,29686;
-28,34375;
-25,99998;
-24,43748;
-24,43748;
-19,35938;
-21,31248;
-17,40625;
-13,89063;
-15,45311;
-12,71873;
-12,32811;
-9,98436;
-6,85936;
-7,249985;
0,1718903;
0,5625;
-0,9999847;
2,125015;
2,906265;
0,9531403;
4,07814;
2,906265;
4,85939;
4,85939;
4,468765;
1,343765;
3,687515;
5,250015;
8,76564;
5,250015;
7,593765;
6,03125;
3,296875;
12,67189;
0,9531403;
7,20314;
9,54689;
4,85939;
9,54689;
7,20314;
9,156265;
8,76564;
6,812515;
10,71877;
11,50002;
5,250015;
7,20314;
9,54689;
7,593765;
10,71877;
6,812515;
10,32814;
7,593765;
8,76564;
8,76564;
7,20314;
6,03125;
13,84377;
9,54689;
11,10939;
9,156265;
9,156265;
13,06252;
6,812515;
15,01564;
10,32814;
9,937515;
29,46877;
9,937515;
13,45314;
13,06252;
11,50002;
13,45314;
15,01564;
10,32814;
11,89064;
9,937515;
10,32814;
10,71877;
11,89064;
11,10939;
13,45314;
12,67189;
15,79689;
4,468765;
11,50002;
15,01564;
12,28127;
13,45314;
12,28127;
10,71877;
-0,6093597;
6,42189;
11,10939;
12,28127;
22,43752;
11,10939;
13,06252;
11,10939;
13,06252;
15,01564;
11,50002;
13,06252;
10,71877;
13,45314;
10,32814;
13,06252;
11,50002;
13,45314;
15,01564;
11,89064;
9,937515;
16,57814;
11,50002;
0,1718903;
10,32814;
8,76564;
8,76564;
9,54689;
9,54689;
6,42189;
6,42189;
2,125015;
4,468765;
4,468765;
0,5625;
4,468765;
-8,031235;
0,5625;
-15,45311;
-14,28123;
-17,79686;
-24,43748;
-32,24998;
-37,71874;
-45,53124;
-47,87498;
-51,39062;
-54,51562;
-49,43749;
-54,12498;
-55,29687;
-54,12498;
-54,51562;
-54,90624;
-56,85936;
-57,64062;
-61,54687;
-56,85936;
-56,07811;
-59,20312;
-61,93749;
-61,54687;
-59,98437;
-59,98437;
-59,98437;
-60,76562;
-63,49999;
-59,59373;
-59,98437;
-59,59373;
-60,37499;
-62,71874;
-57,24999;
-63,10937;
-64,28125;
-60,76562;
-63,10937;
-58,42187;
-63,10937;
-61,54687;
-59,20312;
-64,28125;
-63,89062;
-61,54687;
-61,54687;
-62,71874;
-59,59373;
-60,37499;
-58,81248;
-59,98437;
-59,59373;
-56,46874;
-61,93749;
-56,46874;
-61,54687;
-61,54687;
-59,20312;
-58,42187;
-57,24999;
-61,15624;
-57,64062;
-58,03125;
-57,24999;
-57,64062;
-54,51562;
-58,81248;
-56,46874;
-54,12498;
-55,29687;
-54,90624;
-56,85936;
-54,51562;
-54,12498;
-54,90624;
-52,5625;
-49,04687;
-52,5625;
-52,5625;
-54,51562;
-50,60936;
-50,60936;
-53,73437;
-49,04687;
-49,43749;
-51,39062;
-46,70312;
-48,65624;
-47,09373;
-42,40623;
-45,14061;
-49,82812;
-47,87498;
-46,31249;
-44,35936;
-42,79687;
-43,96874;
-43,18749;
-41,62498;
-40,06249;
-37,32812;
-36,93748;
-31,07813;
-32,64061;
-27,95311;
-29,51561;
-25,60938;
-18,18748;
-22,09375;
-19,74998;
-18,96873;
-17,40625;
-11,93748;
-8,812485;
-11,93748;
-10,37498;
-8,812485;
-6,07811;
-1,781235;
-1,781235;
2,125015;
4,468765;
2,51564;
2,125015;
3,296875;
2,125015;
3,296875;
2,125015;
4,85939;
3,296875;
5,250015;
5,250015;
5,64064;
6,812515;
7,98439;
6,03125;
8,375015;
6,812515;
5,64064;
10,32814;
6,42189;
3,687515;
3,296875;
7,593765;
9,937515;
7,593765;
8,375015;
9,937515;
6,812515;
6,03125;
5,64064;
6,812515;
8,76564;
6,812515;
6,812515;
10,32814;
9,937515;
11,89064;
8,375015;
6,42189;
7,98439;
11,10939;
7,593765;
12,67189;
10,32814;
11,10939;
4,85939;
10,32814;
12,28127;
11,50002;
8,375015;
12,67189;
12,28127;
12,28127;
11,50002;
4,07814;
13,06252;
11,89064;
11,10939;
11,10939;
11,50002;
15,01564;
13,84377;
3,687515;
15,40627;
12,28127;
8,375015;
11,50002;
12,28127;
13,84377;
10,71877;
15,40627;
12,28127;
14,62502;
12,28127;
14,23439;
11,10939;
14,23439;
12,28127;
10,71877;
13,45314;
10,71877;
12,28127;
17,75;
11,10939;
14,62502;
12,28127;
11,10939;
12,28127;
9,937515;
18,53127;
13,84377;
11,10939;
12,28127;
11,10939;
8,76564;
11,89064;
7,593765;
14,62502;
9,156265;
10,32814;
11,89064;
7,98439;
7,593765;
5,64064;
5,250015;
7,593765;
5,250015;
0,9531403;
3,296875;
-2,562485;
-6,468735;
-8,031235;
-14,67188;
-15,06248;
-15,45311;
-24,82813;
-29,90623;
-36,93748;
-44,74999;
-48,65624;
-50,99999;
-51,39062;
-50,99999;
-54,12498;
-52,95312;
-58,03125;
-56,46874;
-55,68749;
-58,03125;
-56,07811;
-58,03125;
-59,98437;
-55,29687;
-58,03125;
-58,42187;
-53,73437;
-62,32811;
-56,85936;
-61,54687;
-61,93749;
-62,32811;
-63,49999;
-58,81248;
-59,98437;
-64,28125;
-62,32811;
-60,37499;
-59,20312;
-60,76562;
-67,01562;
-58,03125;
-62,32811;
-62,71874;
-60,76562;
-63,10937;
-66,23437;
-60,76562;
-61,93749;
-62,32811;
-59,98437;
-60,76562;
-60,37499;
-58,42187;
-62,32811;
-57,24999;
-58,81248;
-60,37499;
-58,42187;
-56,85936;
-59,98437;
-60,37499;
-57,64062;
-57,64062;
-57,64062;
-56,46874;
-57,64062;
-59,20312;
-55,29687;
-59,59373;
-58,81248;
-55,29687;
-58,81248;
-55,68749;
-56,46874;
-54,51562;
-53,34373;
-54,12498;
-52,5625;
-53,73437;
-52,5625;
-53,34373;
-50,60936;
-55,29687;
-50,21874;
-49,43749;
-51,78124;
-51,78124;
-51,78124;
-50,21874;
-48,65624;
-50,60936;
-49,82812;
-49,43749;
-49,82812;
-49,43749;
-47,87498;
-43,96874;
-44,35936;
-43,96874;
-40,45312;
-45,53124;
-43,57812;
-37,32812;
-44,35936;
-39,28124;
-36,93748;
-33,8125;
-27,17186;
-27,95311;
-27,95311;
-24,04686;
-23,65623;
-17,40625;
-20,14063;
-17,79686;
-12,71873;
-15,45311;
-6,07811;
-8,812485;
-9,98436;
-7,64061;
-4,124985;
-0,6093597;
2,51564;
-0,2187347;
2,125015;
-0,9999847;
2,51564;
9,937515;
2,125015;
5,250015;
4,85939;
2,125015;
10,71877;
2,51564;
3,296875;
8,375015;
3,296875;
11,89064;
6,812515;
4,85939;
10,71877;
7,593765;
7,98439;
7,20314;
4,468765;
8,375015;
7,20314;
5,64064;
10,32814;
6,42189;
8,76564;
8,375015;
7,98439;
12,28127;
9,54689;
6,03125;
12,28127;
5,64064;
6,812515;
13,06252;
7,593765;
10,71877;
9,937515;
10,32814;
10,71877;
9,937515;
8,375015;
11,50002;
9,937515;
10,32814;
7,98439;
12,28127;
10,71877;
11,50002;
8,375015;
13,06252;
9,156265;
11,10939;
11,50002;
10,32814;
14,23439;
5,64064;
7,20314;
13,45314;
11,50002;
13,84377;
9,156265;
9,937515;
13,45314;
12,67189;
10,71877;
14,62502;
11,10939;
10,71877;
13,06252;
11,89064;
11,10939;
12,28127;
11,89064;
13,45314;
13,06252;
16,18752;
12,28127;
11,89064;
13,45314;
4,07814;
9,937515;
11,50002;
9,156265;
15,01564;
8,76564;
8,76564;
13,84377;
7,593765;
12,67189;
15,40627;
5,250015;
9,156265;
10,32814;
9,937515;
10,71877;
8,375015;
11,10939;
8,76564;
10,32814;
11,50002;
7,20314;
8,375015;
5,64064;
1,343765;
2,125015;
0,9531403;
-2,171875;
-4,124985;
-11,54686;
-11,54686;
-10,37498;
-17,40625;
-20,14063;
-23,26561;
-34,20311;
-36,54688;
-45,14061;
-46,31249;
-51,78124;
-52,95312;
-50,21874;
-53,73437;
-53,34373;
-54,90624;
-57,64062;
-56,85936;
-54,12498;
-59,98437;
-56,07811;
-57,64062;
-59,20312;
-59,20312;
-56,46874;
-58,81248;
-55,68749;
-60,76562;
-59,59373;
-61,15624;
-60,76562;
-60,37499;
-62,71874;
-60,37499;
-57,24999;
-63,10937;
-62,32811;
-58,42187;
-60,37499;
-60,76562;
-63,10937;
-60,37499;
-61,15624;
-63,89062;
-64,28125;
-61,15624;
-65,06248;
-59,59373;
-66,23437;
-59,98437;
-61,93749;
-61,93749;
-58,42187;
-59,59373;
-60,76562;
-58,42187;
-62,32811;
-59,98437;
-59,98437;
-58,42187;
-57,24999;
-57,64062;
-59,98437;
-54,90624;
-53,73437;
-55,68749;
-54,12498;
-59,20312;
-58,42187;
-57,64062;
-57,24999;
-56,07811;
-59,59373;
-54,12498;
-55,29687;
-54,12498;
-50,99999;
-53,34373;
-50,99999;
-50,99999;
-55,68749;
-50,21874;
-52,95312;
-54,51562;
-51,78124;
-52,95312;
-52,5625;
-50,21874;
-52,17187;
-50,21874;
-50,60936;
-49,43749;
-45,14061;
-50,21874;
-45,53124;
-45,92187;
-43,57812;
-43,18749;
-45,14061;
-45,53124;
-41,23437;
-40,84375;
-38,49999;
-35,37498;
-37,71874;
-31,07813;
-31,46873;
-27,17186;
-24,82813;
-23,65623;
-22,875;
-19,74998;
-18,96873;
-16,23436;
-11,93748;
-15,84373;
-8,812485;
-9,593735;
-8,031235;
-4,124985;
-5,6875;
-4,906235;
-0,6093597;
-0,2187347;
4,468765;
3,296875;
3,296875;
2,125015;
3,687515;
2,906265;
6,03125;
5,250015;
3,687515;
5,64064;
3,687515;
6,42189;
0,5625;
5,250015;
3,296875;
6,03125;
7,593765;
6,03125;
11,10939;
7,20314;
7,20314;
7,20314;
6,42189;
7,593765;
9,54689;
4,468765;
7,98439;
8,76564;
7,20314;
24,78127;
9,54689;
10,32814;
8,375015;
8,76564;
10,71877;
7,593765;
8,375015;
9,156265;
9,156265;
10,32814;
8,76564;
6,42189;
10,32814;
7,593765;
9,54689;
13,45314;
9,54689;
6,03125;
12,67189;
9,937515;
14,62502;
9,54689;
11,50002;
14,62502;
9,937515;
11,89064;
12,28127;
12,28127;
12,67189;
13,45314;
11,89064;
11,10939;
11,10939;
13,45314;
12,28127;
10,32814;
11,50002;
12,67189;
11,50002;
11,50002;
11,10939;
11,10939;
10,32814;
12,67189;
12,67189;
11,50002;
12,28127;
13,06252;
9,54689;
12,28127;
10,71877;
11,10939;
13,45314;
11,89064;
11,50002;
9,937515;
4,468765;
15,01564;
9,937515;
8,76564;
11,89064;
13,06252;
12,28127;
9,937515;
7,98439;
10,71877;
9,937515;
10,71877;
11,89064;
8,76564;
6,03125;
15,40627;
6,42189;
6,812515;
9,156265;
-1,39061;
6,03125;
-0,6093597;
-3,343735;
-2,95311;
-3,73436;
-8,421875;
-9,98436;
-15,45311;
-20,92186;
-25,99998;
-30,29686;
-37,71874;
-42,79687;
-43,18749;
-49,04687;
-53,34373;
-50,21874;
-55,29687;
-52,5625;
-52,95312;
-57,24999;
-54,12498;
-58,81248;
-54,51562;
-58,42187;
-58,42187;
-56,85936;
-57,24999;
-59,98437;
-56,07811;
-58,42187;
-59,98437;
-61,54687;
-58,81248;
-60,76562;
-60,76562;
-63,10937;
-59,59373;
-61,15624;
-63,10937;
-59,59373;
-62,71874;
-58,42187;
-63,10937;
-62,71874;
-58,42187;
-63,10937;
-61,15624;
-60,37499;
-63,49999;
-58,42187;
-61,54687;
-63,10937;
-60,37499;
-62,32811;
-62,32811;
-62,71874;
-63,10937;
-59,98437;
-61,93749;
-61,15624;
-57,64062;
-61,15624;
-59,59373;
-60,37499;
-60,76562;
-59,20312;
-58,42187;
-59,20312;
-58,42187;
-58,42187;
-56,46874;
-58,03125;
-56,07811;
-54,51562;
-56,46874;
-57,24999;
-53,34373;
-56,07811;
-54,12498;
-52,17187;
-57,64062;
-51,78124;
-50,60936;
-53,34373;
-53,73437;
-49,43749;
-51,39062;
-49,04687;
-53,34373;
-51,78124;
-52,17187;
-51,39062;
-47,48437;
-53,34373;
-49,04687;
-43,96874;
-47,87498;
-45,14061;
-48,26562;
-47,48437;
-43,96874;
-45,53124;
-42,01562;
-43,57812;
-43,57812;
-39,67186;
-40,45312;
-36,93748;
-33,8125;
-32,24998;
-28,34375;
-24,82813;
-25,99998;
-20,53123;
-21,70311;
-18,57811;
-15,06248;
-17,79686;
-11,54686;
-11,93748;
-8,421875;
-7,249985;
-6,85936;
-7,249985;
-1,781235;
-0,9999847;
-1,781235;
-1,39061;
-0,6093597;
4,468765;
3,687515;
2,125015;
4,85939;
3,296875;
6,03125;
11,50002;
6,03125;
7,593765;
4,85939;
6,812515;
5,250015;
2,906265;
6,42189;
9,54689;
6,03125;
10,71877;
8,375015;
7,98439;
5,250015;
7,20314;
2,51564;
5,250015;
7,98439;
11,89064;
8,76564;
9,54689;
6,03125;
9,937515;
11,89064;
7,593765;
8,375015;
8,375015;
9,156265;
9,54689;
9,54689;
8,76564;
9,156265;
13,06252;
5,64064;
12,28127;
9,54689;
11,89064;
11,10939;
9,156265;
13,06252;
6,42189;
10,32814;
13,45314;
9,156265;
13,06252;
12,28127;
12,28127;
15,40627;
11,89064;
12,67189;
12,67189;
11,50002;
10,71877;
13,45314;
13,84377;
9,937515;
11,50002;
15,40627;
15,01564;
12,28127;
10,32814;
14,62502;
16,18752;
11,10939;
13,06252;
13,06252;
8,76564;
15,01564;
10,32814;
9,54689;
16,57814;
11,10939;
13,84377;
17,35939;
10,71877;
13,84377;
13,45314;
12,28127;
13,84377;
8,76564;
11,10939;
15,01564;
11,89064;
13,06252;
10,71877;
13,06252;
12,28127;
6,42189;
11,89064;
6,812515;
7,20314;
11,10939;
7,98439;
-4,124985;
11,10939;
6,812515;
5,64064;
1,73439;
0,1718903;
4,85939;
-3,73436;
-5,29686;
-6,85936;
-10,37498;
-12,71873;
-18,96873;
-24,43748;
-26,39063;
-34,20311;
-43,18749;
-45,53124;
-52,5625;
-50,21874;
-50,99999;
-50,99999;
-50,99999;
-52,95312;
-52,5625;
-54,12498;
-56,07811;
-55,29687;
-56,85936;
-58,81248;
-56,07811;
-58,81248;
-57,24999;
-61,15624;
-60,76562;
-57,24999;
-60,76562;
-59,20312;
-58,42187;
-63,49999;
-58,81248;
-59,98437;
-63,89062;
-59,59373;
-62,32811;
-64,28125;
-59,59373;
-63,49999;
-60,37499;
-62,32811;
-62,71874;
-62,32811;
-62,32811;
-63,10937;
-59,59373;
-64,28125;
-60,37499;
-61,54687;
-61,54687;
-58,81248;
-63,49999;
-59,98437;
-61,15624;
-58,81248;
-62,71874;
-62,32811;
-61,15624;
-59,20312;
-62,32811;
-59,59373;
-58,42187;
-58,42187;
-59,98437;
-61,54687;
-59,20312;
-52,95312;
-55,68749;
-57,64062;
-58,03125;
-59,59373;
-53,34373;
-54,90624;
-57,64062;
-52,95312;
-56,46874;
-54,12498;
-51,39062;
-54,90624;
-53,34373;
-53,34373;
-54,12498;
-48,65624;
-52,95312;
-52,5625;
-47,48437;
-51,39062;
-48,65624;
-49,82812;
-50,99999;
-45,14061;
-49,43749;
-47,87498;
-47,09373;
-47,87498;
-45,53124;
-47,48437;
-44,35936;
-42,01562;
-44,35936;
-40,45312;
-37,32812;
-42,01562;
-37,32812;
-36,54688;
-33,03123;
-29,125;
-30,29686;
-24,04686;
-20,53123;
-23,26561;
-16,23436;
-18,18748;
-17,01561;
-11,15625;
-14,28123;
-7,64061;
-6,468735;
-4,51561;
-4,124985;
-3,343735;
-0,9999847;
0,5625;
-0,2187347;
1,73439;
4,07814;
5,64064;
2,906265;
2,51564;
7,593765;
3,296875;
3,296875;
8,76564;
6,812515;
3,687515;
8,375015;
4,468765;
10,32814;
7,20314;
6,03125;
8,375015;
7,98439;
-1,39061;
7,20314;
6,03125;
7,20314;
7,98439;
6,42189;
7,98439;
7,98439;
7,20314;
7,593765;
5,250015;
7,98439;
8,375015;
8,375015;
7,98439;
10,71877;
8,375015;
11,10939;
5,250015;
13,45314;
9,937515;
9,156265;
10,32814;
7,98439;
11,10939;
9,156265;
5,250015;
11,89064;
13,84377;
9,156265;
9,937515;
11,50002;
9,156265;
9,937515;
11,89064;
10,71877;
14,62502;
8,375015;
12,67189;
11,10939;
13,84377;
12,67189;
8,375015;
13,84377;
13,45314;
9,54689;
15,01564;
12,67189;
15,01564;
13,45314;
9,937515;
13,45314;
9,54689;
9,156265;
16,96877;
11,10939;
9,937515;
12,67189;
8,375015;
13,45314;
11,10939;
12,67189;
13,06252;
11,10939;
11,89064;
13,84377;
10,32814;
12,28127;
9,156265;
11,10939;
12,67189;
8,76564;
10,71877;
8,76564;
8,76564;
10,71877;
12,28127;
12,28127;
7,593765;
11,50002;
8,375015;
7,98439;
8,375015;
7,20314;
9,156265;
5,64064;
5,64064;
5,250015;
-2,562485;
2,51564;
-4,124985;
-2,171875;
-6,85936;
-6,85936;
-12,71873;
-17,01561;
-18,96873;
-26,39063;
-33,42186;
-35,37498;
-45,14061;
-48,26562;
-47,48437;
-54,90624;
-50,60936;
-52,5625;
-55,68749;
-52,95312;
-54,90624;
-55,68749;
-53,34373;
-58,03125;
-59,59373;
-57,24999;
-58,03125;
-59,20312;
-57,64062;
-61,15624;
-60,37499;
-59,98437;
-56,46874;
-62,71874;
-61,54687;
-59,59373;
-61,54687;
-61,15624;
-59,20312;
-63,10937;
-58,81248;
-62,71874;
-62,32811;
-64,67187;
-63,89062;
-63,89062;
-59,59373;
-63,49999;
-62,71874;
-63,10937;
-61,93749;
-59,20312;
-62,32811;
-61,93749;
-60,76562;
-60,76562;
-60,37499;
-66,23437;
-58,42187;
-58,03125;
-57,64062;
-57,24999;
-56,46874;
-60,37499;
-56,85936;
-58,42187;
-58,42187;
-56,07811;
-59,20312;
-54,90624;
-55,68749;
-59,98437;
-57,24999;
-57,64062;
-56,46874;
-56,07811;
-56,46874;
-53,34373;
-54,51562;
-53,73437;
-52,5625;
-54,90624;
-51,39062;
-52,95312;
-53,34373;
-47,48437;
-52,17187;
-50,21874;
-51,78124;
-52,95312;
-49,43749;
-50,99999;
-52,5625;
-44,74999;
-49,82812;
-51,78124;
-45,53124;
-48,65624;
-43,18749;
-47,48437;
-47,09373;
-45,92187;
-44,74999;
-43,96874;
-41,23437;
-39,28124;
-37,71874;
-38,10938;
-35,76561;
-31,07813;
-31,46873;
-28,73436;
-24,82813;
-27,17186;
-22,09375;
-18,96873;
-22,09375;
-15,06248;
-16,23436;
-13,49998;
0,5625;
-11,93748;
-7,64061;
-6,85936;
-5,29686;
7,98439;
-1,39061;
-0,9999847;
0,9531403;
1,343765;
5,250015;
2,906265;
3,296875;
5,64064;
6,03125;
6,812515;
7,20314;
4,468765;
6,42189;
5,64064;
4,07814;
6,42189;
8,76564;
7,593765;
7,98439;
7,20314;
4,468765;
6,812515;
7,98439;
6,42189;
7,20314;
9,54689;
7,593765;
9,937515;
8,76564;
7,20314;
8,375015;
9,937515;
7,593765;
7,98439;
9,54689;
7,20314;
11,89064;
9,937515;
7,98439;
12,67189;
9,156265;
6,03125;
3,296875;
4,85939;
10,71877;
9,937515;
11,89064;
12,67189;
9,54689;
9,156265;
11,10939;
9,937515;
12,28127;
10,71877;
9,937515;
14,62502;
9,937515;
13,45314;
13,45314;
11,50002;
11,50002;
10,32814;
12,67189;
12,28127;
11,50002;
12,28127;
12,67189;
11,10939;
13,45314;
9,156265;
16,18752;
12,67189;
12,28127;
14,23439;
13,45314;
14,23439;
13,06252;
9,937515;
13,06252;
11,10939;
11,10939;
14,23439;
10,71877;
11,10939;
14,62502;
11,10939;
11,89064;
12,28127;
11,89064;
11,89064;
13,45314;
12,28127;
11,89064;
12,67189;
11,50002;
11,10939;
6,03125;
10,32814;
9,156265;
7,20314;
12,28127;
7,20314;
11,89064;
10,32814;
6,42189;
7,20314;
7,20314;
3,687515;
5,64064;
-0,9999847;
2,125015;
-0,9999847;
-5,29686;
-5,29686;
-15,84373;
-14,67188;
-17,40625;
-22,48436;
-26,78123;
-39,67186;
-45,53124;
-45,14061;
-49,82812;
-52,5625;
-54,12498;
-52,17187;
-55,29687;
-54,90624;
-56,07811;
-53,73437;
-58,03125;
-56,85936;
-57,24999;
-57,64062;
-56,46874;
-59,98437;
-60,37499;
-57,24999;
-59,20312;
-59,98437;
-62,71874;
-59,20312;
-59,20312;
-59,20312;
-61,93749;
-61,15624;
-61,54687;
-59,59373;
-63,10937;
-62,71874;
-62,71874;
-59,59373;
-63,10937;
-59,98437;
-62,32811;
-62,32811;
-59,20312;
-65,45312;
-57,64062;
-60,76562;
-63,49999;
-60,76562;
-60,76562;
-58,81248;
-62,32811;
-62,71874;
-58,03125;
-65,06248;
-61,15624;
-56,46874;
-60,37499;
-59,59373;
-59,20312;
-58,42187;
-56,85936;
-58,42187;
-58,42187;
-56,46874;
-56,46874;
-54,12498;
-55,68749;
-56,46874;
-48,65624;
-54,12498;
-56,46874;
-56,07811;
-54,12498;
-56,46874;
-52,17187;
-54,12498;
-52,5625;
-52,17187;
-54,51562;
-49,43749;
-52,5625;
-52,17187;
-51,78124;
-49,43749;
-49,82812;
-49,82812;
-49,04687;
-46,70312;
-51,39062;
-43,96874;
-46,70312;
-49,04687;
-43,96874;
-45,53124;
-49,04687;
-43,57812;
-45,92187;
-44,74999;
-45,14061;
-42,01562;
-39,67186;
-37,71874;
-36,93748;
-33,03123;
-34,20311;
-27,56248;
-30,29686;
-24,82813;
-20,14063;
-20,92186;
-18,57811;
-19,74998;
-18,57811;
-11,15625;
-12,71873;
-14,67188;
-7,249985;
-4,124985;
-4,906235;
-0,2187347;
-5,29686;
0,1718903;
2,125015;
0,5625;
4,07814;
-0,9999847;
4,07814;
2,51564;
2,125015;
6,812515;
5,250015;
7,20314;
2,906265;
4,85939;
8,76564;
2,906265;
4,85939;
7,593765;
8,375015;
0,1718903;
8,76564;
5,250015;
6,812515;
18,92189;
5,64064;
10,32814;
5,250015;
5,64064;
8,375015;
6,03125;
10,32814;
8,76564;
7,593765;
12,28127;
7,98439;
7,20314;
9,54689;
8,375015;
10,71877;
9,937515;
7,98439;
9,156265;
8,76564;
11,50002;
8,76564;
8,375015;
9,937515;
9,937515;
10,71877;
14,23439;
13,06252;
10,71877;
11,50002;
9,156265;
15,40627;
8,76564;
9,937515;
13,84377;
7,20314;
12,28127;
11,89064;
12,67189;
13,45314;
12,67189;
15,40627;
9,54689;
10,71877;
14,23439;
11,89064;
10,71877;
11,10939;
12,67189;
24,78127;
10,32814;
10,71877;
11,50002;
16,18752;
13,06252;
12,67189;
7,98439;
15,01564;
11,10939;
10,32814;
11,89064;
12,28127;
12,67189;
13,84377;
7,98439;
2,125015;
10,32814;
8,76564;
11,10939;
12,67189;
11,50002;
13,45314;
8,76564;
11,50002;
8,375015;
6,42189;
10,71877;
9,156265;
7,20314;
7,593765;
9,156265;
8,375015;
8,76564;
4,468765;
5,250015;
3,687515;
1,343765;
2,125015;
-2,171875;
-1,39061;
-8,421875;
-9,593735;
-16,23436;
-19,35938;
-22,48436;
-28,34375;
-33,42186;
-38,49999;
-46,31249;
-50,21874;
-50,60936;
-54,90624;
-54,51562;
-52,95312;
-55,68749;
-52,5625;
-57,64062;
-56,46874;
-56,85936;
-58,03125;
-60,37499;
-57,24999;
-58,81248;
-60,76562;
-58,03125;
-61,15624;
-56,07811;
-60,37499;
-58,03125;
-59,59373;
-61,15624;
-60,37499;
-61,93749;
-63,10937;
-61,15624;
-65,45312;
-63,89062;
-61,54687;
-61,93749;
-59,98437;
-62,32811;
-65,45312;
-62,32811;
-64,28125;
-64,28125;
-62,32811;
-62,32811;
-59,20312;
-61,93749;
-62,32811;
-58,81248;
-61,15624;
-58,03125;
-59,98437;
-60,37499;
-58,03125;
-59,59373;
-60,76562;
-59,20312;
-58,03125;
-56,07811;
-56,07811;
-56,85936;
-54,90624;
-59,20312;
-56,46874;
-53,34373;
-57,64062;
-54,12498;
-55,68749;
-58,81248;
-53,34373;
-55,68749;
-55,68749;
-54,12498;
-52,17187;
-54,12498;
-56,07811;
-52,95312;
-51,39062;
-54,12498;
-50,99999;
-50,99999;
-52,5625;
-49,04687;
-52,17187;
-49,82812;
-47,87498;
-50,60936;
-45,14061;
-52,95312;
-48,65624;
-46,70312;
-46,70312;
-47,48437;
-43,96874;
-46,70312;
-42,01562;
-46,31249;
-42,01562;
-39,67186;
-40,06249;
-42,40623;
-34,59375;
-35,37498;
-30,29686;
-29,51561;
-29,51561;
-27,56248;
-20,53123;
-23,65623;
-18,57811;
-16,625;
-14,67188;
-15,84373;
-11,54686;
-8,421875;
-10,76561;
-4,906235;
-2,562485;
-7,249985;
1,73439;
0,9531403;
-0,2187347;
-0,6093597;
-0,2187347;
2,125015;
6,42189;
3,687515;
2,906265;
7,98439;
4,07814;
6,812515;
4,07814;
6,812515;
7,593765;
3,687515;
7,98439;
5,64064;
6,42189;
8,375015;
2,51564;
5,64064;
7,20314;
4,07814;
6,812515;
8,375015;
6,812515;
9,937515;
3,296875;
9,156265;
9,156265;
7,98439;
10,32814;
6,03125;
6,03125;
10,32814;
8,76564;
7,593765;
7,98439;
6,812515;
11,10939;
11,10939;
8,375015;
8,375015;
7,98439;
9,156265;
9,156265;
9,937515;
12,67189;
12,28127;
10,71877;
11,89064;
10,32814;
10,71877;
14,23439;
14,62502;
13,45314;
11,89064;
11,10939;
14,23439;
10,32814;
8,76564;
13,45314;
9,54689;
14,23439;
10,32814;
12,28127;
14,62502;
11,89064;
12,28127;
15,79689;
10,71877;
11,50002;
11,50002;
4,85939;
14,62502;
12,67189;
15,79689;
11,50002;
9,937515;
13,06252;
9,54689;
11,10939;
12,28127;
9,54689;
11,89064;
13,84377;
10,32814;
12,67189;
12,67189;
9,54689;
12,67189;
13,06252;
11,10939;
10,32814;
9,54689;
8,76564;
9,937515;
10,71877;
9,156265;
11,50002;
8,76564;
7,98439;
6,812515;
7,98439;
5,64064;
4,85939;
7,98439;
6,42189;
3,687515;
2,125015;
-2,562485;
-3,343735;
-6,07811;
-9,20311;
-11,54686;
-17,79686;
-20,14063;
-25,60938;
-31,85938;
-35,76561;
-45,53124;
-48,65624;
-50,21874;
-52,17187;
-50,99999;
-56,46874;
-52,5625;
-53,34373;
-55,68749;
-56,07811;
-58,03125;
-56,46874;
-58,81248;
-56,85936;
-58,81248;
-55,68749;
-59,20312;
-58,03125;
-58,03125;
-63,10937;
-57,64062;
-60,37499;
-59,98437;
-59,98437;
-56,85936;
-59,59373;
-59,59373;
-63,10937;
-59,98437;
-64,67187;
-65,06248;
-59,59373;
-61,93749;
-62,71874;
-62,32811;
-62,71874;
-65,06248;
-61,15624;
-63,49999;
-60,37499;
-65,45312;
-59,20312;
-61,15624;
-61,54687;
-59,59373;
-62,32811;
-58,42187;
-61,15624;
-61,15624;
-55,29687;
-58,81248;
-58,81248;
-55,68749;
-60,76562;
-58,03125;
-56,46874;
-58,81248;
-58,03125;
-54,12498;
-55,68749;
-52,95312;
-58,42187;
-55,29687;
-56,85936;
-55,29687;
-55,68749;
-57,64062;
-53,73437;
-56,07811;
-52,17187;
-51,39062;
-54,90624;
-51,39062;
-53,34373;
-51,78124;
-48,65624;
-50,99999;
-50,60936;
-50,60936;
-50,99999;
-48,65624;
-48,65624;
-47,48437;
-47,48437;
-46,70312;
-46,31249;
-46,31249;
-47,87498;
-43,18749;
-44,35936;
-42,01562;
-42,40623;
-41,23437;
-39,67186;
-35,37498;
-35,37498;
-30,29686;
-30,29686;
-23,65623;
-24,04686;
-24,82813;
-16,23436;
-20,53123;
-16,23436;
-15,84373;
-15,84373;
-13,89063;
-9,593735;
-12,71873;
-4,124985;
-4,906235;
-1,39061;
0,1718903;
2,125015;
3,687515;
0,1718903;
1,73439;
4,07814;
4,468765;
-7,249985;
7,593765;
0,9531403;
4,85939;
6,812515;
6,03125;
11,10939;
3,687515;
9,937515;
6,812515;
6,42189;
4,468765;
7,593765;
6,42189;
7,593765;
4,07814;
5,250015;
11,10939;
5,64064;
11,10939;
9,54689;
4,468765;
9,937515;
10,32814;
7,20314;
9,156265;
7,593765;
8,375015;
12,28127;
6,812515;
10,71877;
7,20314;
7,593765;
10,71877;
12,28127;
9,937515;
9,156265;
12,67189;
9,937515;
10,32814;
11,50002;
10,32814;
10,32814;
4,07814;
11,10939;
7,98439;
15,01564;
8,375015;
10,32814;
11,10939;
11,10939;
12,67189;
12,28127;
11,50002;
16,18752;
11,10939;
13,06252;
13,45314;
11,10939;
13,45314;
11,50002;
10,71877;
14,23439;
12,28127;
12,28127;
11,10939;
10,32814;
11,50002;
9,937515;
11,10939;
10,32814;
12,28127;
12,67189;
12,67189;
9,54689;
11,89064;
12,67189;
10,71877;
7,593765;
8,76564;
9,937515;
13,06252;
10,71877;
10,71877;
12,67189;
10,32814;
12,28127;
9,937515;
9,156265;
11,50002;
8,375015;
11,50002;
8,76564;
11,89064;
5,64064;
7,593765;
5,64064;
8,375015;
12,67189;
8,76564;
5,250015;
3,687515;
2,906265;
-0,2187347;
-0,6093597;
-3,343735;
-8,421875;
-7,249985;
-18,57811;
-17,40625;
-20,92186;
-27,95311;
-32,64061;
-43,18749;
-48,65624;
-47,87498;
-51,78124;
-51,39062;
-52,5625;
-52,17187;
-55,29687;
-57,24999;
-56,07811;
-54,90624;
-56,85936;
-57,24999;
-57,64062;
-59,98437;
-57,64062;
-59,59373;
-59,20312;
-56,46874;
-62,71874;
-59,20312;
-58,81248;
-63,10937;
-60,37499;
-60,76562;
-61,93749;
-60,76562;
-60,76562;
-60,37499;
-61,93749;
-63,10937;
-58,81248;
-61,54687;
-61,93749;
-60,76562;
-61,15624;
-64,28125;
-62,71874;
-63,10937;
-59,59373;
-60,76562;
-62,71874;
-61,15624;
-62,32811;
-59,98437;
-63,10937;
-60,76562;
-58,03125;
-61,54687;
-58,42187;
-58,81248;
-61,15624;
-57,24999;
-57,24999;
-59,20312;
-55,29687;
-56,46874;
-58,81248;
-56,07811;
-61,15624;
-54,51562;
-56,07811;
-56,46874;
-53,34373;
-57,64062;
-52,5625;
-52,95312;
-54,51562;
-52,5625;
-54,51562;
-58,03125;
-49,43749;
-57,24999;
-49,82812;
-52,95312;
-54,90624;
-50,21874;
-50,21874;
-51,39062;
-51,78124;
-51,78124;
-49,43749;
-49,43749;
-49,04687;
-47,09373;
-47,09373;
-42,01562;
-45,53124;
-46,70312;
-44,74999;
-47,48437;
-42,01562;
-41,62498;
-43,96874;
-40,84375;
-36,15623;
-36,93748;
-32,64061;
-33,03123;
-27,95311;
-25,99998;
-27,56248;
-22,09375;
-17,40625;
-16,625;
-16,23436;
-18,96873;
-15,84373;
-13,10936;
-13,49998;
-6,07811;
-7,64061;
-6,85936;
-4,906235;
0,9531403;
-0,9999847;
-1,39061;
0,5625;
4,468765;
5,250015;
1,73439;
4,07814;
1,73439;
6,42189;
6,42189;
4,85939;
5,250015;
3,296875;
4,468765;
10,32814;
5,64064;
6,812515;
6,42189;
7,98439;
7,593765;
7,593765;
6,42189;
4,468765;
6,812515;
0,9531403;
4,468765;
8,375015;
9,156265;
7,98439;
9,156265;
8,76564;
9,156265;
4,85939;
6,812515;
9,54689;
11,10939;
9,156265;
6,812515;
10,71877;
11,89064;
9,937515;
11,10939;
7,593765;
13,45314;
10,32814;
9,156265;
12,28127;
7,20314;
7,20314;
10,71877;
7,593765;
8,76564;
9,156265;
10,32814;
11,89064;
11,10939;
10,71877;
17,35939;
12,28127;
8,375015;
12,28127;
10,32814;
11,10939;
9,54689;
14,23439;
11,10939;
7,98439;
12,67189;
11,10939;
9,937515;
11,89064;
10,32814;
12,28127;
15,01564;
8,76564;
16,57814;
12,67189;
8,375015;
10,32814;
11,10939;
12,28127;
13,84377;
10,32814;
9,54689;
11,89064;
13,45314;
11,50002;
13,45314;
11,89064;
12,28127;
11,89064;
13,06252;
11,10939;
11,10939;
11,89064;
6,812515;
11,10939;
10,32814;
7,593765;
11,10939;
6,42189;
8,375015;
9,156265;
5,250015;
8,76564;
4,85939;
5,250015;
6,03125;
2,906265;
1,343765;
-1,39061;
-4,124985;
-4,124985;
-4,51561;
-13,10936;
-17,01561;
-22,09375;
-22,09375;
-32,24998;
-36,54688;
-39,67186;
-48,65624;
-52,17187;
-51,39062;
-54,12498;
-52,95312;
-49,82812;
-56,85936;
-50,99999;
-56,85936;
-57,64062;
-57,64062;
-59,59373;
-56,85936;
-56,46874;
-59,20312;
-58,42187;
-60,76562;
-58,42187;
-58,81248;
-58,81248;
-58,42187;
-59,59373;
-58,81248;
-59,59373;
-59,98437;
-61,54687;
-61,93749;
-63,49999;
-60,76562;
-63,49999;
-65,45312;
-59,59373;
-62,71874;
-59,59373;
-60,76562;
-60,37499;
-62,32811;
-61,15624;
-64,67187;
-59,59373;
-61,15624;
-61,54687;
-60,76562;
-62,32811;
-61,15624;
-58,42187;
-60,37499;
-58,03125;
-59,59373;
-63,10937;
-58,03125;
-58,81248;
-60,76562;
-58,42187;
-58,81248;
-57,24999;
-59,59373;
-57,24999;
-55,29687;
-54,12498;
-56,85936;
-54,51562;
-56,46874;
-54,90624;
-55,29687;
-52,5625;
-53,73437;
-55,29687;
-52,95312;
-55,29687;
-54,51562;
-51,78124;
-54,51562;
-50,60936;
-49,43749;
-52,95312;
-52,17187;
-48,65624;
-46,70312;
-47,09373;
-49,43749;
-48,65624;
-47,09373;
-48,65624;
-44,35936;
-45,14061;
-47,48437;
-45,14061;
-43,18749;
-42,01562;
-40,84375;
-43,18749;
-42,79687;
-35,76561;
-39,28124;
-32,24998;
-35,37498;
-30,68748;
-25,99998;
-25,60938;
-23,26561;
-20,53123;
-20,14063;
-15,06248;
-13,49998;
-9,593735;
-12,32811;
-11,54686;
-9,593735;
-7,64061;
-8,031235;
-1,781235;
-5,6875;
1,343765;
0,1718903;
3,687515;
3,687515;
1,73439;
3,296875;
3,296875;
3,687515;
7,593765;
3,296875;
6,42189;
8,375015;
4,85939;
6,812515;
4,07814;
6,03125;
4,85939;
8,375015;
7,593765;
-5,6875;
6,42189;
5,64064;
11,10939;
5,250015;
7,593765;
8,375015;
6,812515;
10,32814;
9,54689;
11,50002;
7,593765;
5,64064;
7,98439;
8,76564;
6,42189;
9,156265;
7,20314;
9,156265;
7,593765;
9,937515;
16,96877;
8,375015;
8,76564;
11,10939;
11,50002;
13,06252;
12,67189;
9,54689;
11,10939;
12,28127;
9,937515;
10,32814;
7,20314;
10,71877;
11,10939;
9,54689;
13,45314;
13,06252;
10,32814;
13,45314;
10,71877;
9,937515;
11,50002;
11,50002;
12,67189;
11,50002;
13,06252;
14,62502;
10,32814;
11,10939;
7,593765;
9,156265;
9,937515;
12,67189;
7,98439;
14,62502;
11,10939;
12,28127;
11,50002;
14,23439;
14,62502;
11,50002;
12,67189;
12,28127;
8,375015;
12,28127;
9,54689;
11,10939;
16,96877;
8,76564;
10,71877;
12,28127;
10,32814;
20,87502;
9,54689;
11,50002;
10,71877;
6,42189;
10,32814;
11,89064;
6,03125;
11,50002;
8,76564;
5,64064;
10,32814;
4,85939;
6,42189;
2,51564;
2,125015;
2,125015;
-1,781235;
-3,73436;
-7,64061;
-7,249985;
-13,89063;
-14,67188;
-21,70311;
-24,43748;
-32,24998;
-37,32812;
-42,79687;
-50,99999;
-47,87498;
-54,51562;
-52,5625;
-51,39062;
-53,34373;
-52,5625;
-54,12498;
-57,64062;
-56,46874;
-58,42187;
-59,98437;
-55,68749;
-57,24999;
-57,24999;
-58,42187;
-60,37499;
-58,42187;
-60,37499;
-59,98437;
-60,76562;
-56,85936;
-59,20312;
-58,81248;
-62,32811;
-60,76562;
-60,37499;
-62,32811;
-62,71874;
-63,49999;
-61,15624;
-61,15624;
-63,10937;
-61,15624;
-63,89062;
-63,89062;
-60,37499;
-63,10937;
-58,42187;
-59,98437;
-57,64062;
-58,42187;
-63,10937;
-60,76562;
-58,81248;
-59,98437;
-59,59373;
-60,76562;
-57,64062;
-59,59373;
-61,54687;
-62,32811;
-52,95312;
-60,37499;
-57,24999;
-57,24999;
-59,20312;
-55,68749;
-58,42187;
-57,24999;
-56,46874;
-56,85936;
-56,46874;
-58,03125;
-54,90624;
-53,34373;
-50,60936;
-54,90624;
-51,78124;
-55,29687;
-52,95312;
-53,73437;
-50,99999;
-47,87498;
-54,51562;
-50,99999;
-49,43749;
-49,43749;
-48,26562;
-50,21874;
-46,31249;
-47,48437;
-48,26562;
-48,65624;
-47,87498;
-47,87498;
-46,31249;
-47,09373;
-42,40623;
-42,40623;
-47,09373;
-43,18749;
-42,40623;
-38,10938;
-34,20311;
-34,20311;
-31,85938;
-30,68748;
-25,60938;
-24,04686;
-23,26561;
-23,26561;
-18,57811;
-17,40625;
-22,875;
-10,37498;
-11,54686;
-10,37498;
-11,15625;
-8,421875;
-6,85936;
-4,906235;
-0,6093597;
0,9531403;
2,125015;
4,85939;
2,906265;
1,343765;
5,250015;
0,9531403;
4,85939;
6,42189;
6,42189;
6,42189;
4,468765;
5,250015;
8,76564;
3,687515;
4,85939;
4,468765;
6,42189;
7,593765;
5,64064;
4,85939;
6,42189;
5,64064;
9,54689;
6,812515;
8,375015;
4,468765;
6,03125;
6,42189;
12,28127;
6,812515;
6,42189;
10,71877;
5,64064;
12,67189;
6,03125;
7,98439;
9,54689;
11,89064;
8,76564;
12,28127;
6,42189;
8,375015;
7,98439;
9,156265;
9,937515;
8,76564;
12,28127;
10,32814;
10,32814;
15,79689;
8,375015;
9,54689;
11,50002;
10,32814;
13,45314;
10,71877;
10,32814;
14,62502;
14,23439;
12,67189;
11,50002;
8,76564;
11,50002;
14,23439;
9,937515;
13,06252;
11,10939;
11,50002;
12,28127;
11,50002;
11,10939;
13,06252;
12,67189;
13,06252;
9,156265;
14,62502;
8,76564;
9,937515;
15,40627;
9,937515;
10,71877;
14,23439;
12,67189;
10,71877;
8,375015;
11,10939;
15,79689;
11,50002;
12,67189;
15,01564;
9,156265;
11,50002;
11,10939;
8,375015;
11,89064;
8,375015;
9,54689;
12,28127;
7,593765;
10,71877;
6,03125;
9,54689;
8,375015;
5,250015;
3,296875;
6,03125;
2,906265;
6,03125;
0,9531403;
-1,39061;
-5,6875;
-6,468735;
-9,593735;
-12,32811;
-19,35938;
-17,79686;
-22,48436;
-30,68748;
-35,37498;
-44,74999;
-47,87498;
-50,21874;
-50,99999;
-53,34373;
-51,78124;
-54,51562;
-54,51562;
-57,64062;
-58,03125;
-54,90624;
-58,03125;
-54,12498;
-57,64062;
-58,42187;
-56,46874;
-59,59373;
-58,81248;
-56,85936;
-60,76562;
-59,20312;
-58,81248;
-62,71874;
-60,76562;
-62,71874;
-61,54687;
-61,15624;
-65,06248;
-57,24999;
-62,71874;
-61,15624;
-59,59373;
-59,98437;
-62,32811;
-61,93749;
-59,98437;
-61,15624;
-62,71874;
-61,15624;
-61,93749;
-63,10937;
-63,49999;
-60,37499;
-61,54687;
-59,59373;
-62,32811;
-59,98437;
-60,37499;
-60,37499;
-59,20312;
-56,46874;
-59,59373;
-59,20312;
-57,64062;
-56,46874;
-56,85936;
-58,03125;
-58,03125;
-57,24999;
-58,03125;
-55,68749;
-56,46874;
-56,07811;
-54,51562;
-54,51562;
-56,07811;
-54,12498;
-56,46874;
-54,12498;
-57,64062;
-52,17187;
-51,78124;
-54,51562;
-52,5625;
-52,95312;
-51,39062;
-49,43749;
-49,43749;
-49,43749;
-51,39062;
-51,78124;
-47,87498;
-52,17187;
-47,09373;
-44,74999;
-48,26562;
-45,53124;
-47,09373;
-46,70312;
-45,53124;
-46,31249;
-41,62498;
-40,45312;
-40,06249;
-38,49999;
-37,32812;
-36,54688;
-30,29686;
-30,68748;
-28,34375;
-26,78123;
-24,82813;
-22,48436;
-18,96873;
-19,35938;
-17,40625;
-17,40625;
-14,28123;
-8,421875;
-12,71873;
-13,89063;
-6,07811;
-5,29686;
-1,39061;
-2,562485;
-2,171875;
1,73439;
-0,6093597;
2,51564;
2,906265;
1,73439;
3,687515;
4,468765;
3,687515;
4,85939;
5,250015;
8,76564;
3,687515;
7,20314;
5,64064;
3,687515;
6,42189;
9,54689;
6,812515;
5,250015;
7,98439;
7,20314;
9,54689;
11,10939;
8,76564;
8,375015;
6,812515;
10,71877;
7,98439;
8,76564;
10,32814;
8,375015;
10,71877;
7,98439;
8,76564;
9,54689;
6,03125;
9,937515;
11,89064;
7,20314;
12,28127;
14,23439;
7,98439;
10,32814;
11,50002;
11,50002;
9,54689;
9,156265;
10,32814;
13,06252;
9,54689;
11,50002;
9,937515;
28,29689;
13,45314;
12,67189;
11,50002;
12,67189;
12,67189;
16,96877;
10,32814;
13,84377;
8,375015;
12,28127;
11,89064;
10,71877;
11,10939;
13,06252;
9,937515;
12,28127;
13,45314;
9,937515;
16,96877;
10,71877;
11,10939;
14,23439;
10,71877;
28,68752;
15,01564;
12,67189;
9,54689;
10,71877;
15,01564;
9,54689;
11,10939;
13,84377;
7,98439;
13,06252;
9,937515;
10,71877;
13,45314;
7,20314;
9,937515;
12,28127;
9,937515;
9,156265;
9,937515;
10,71877;
11,10939;
6,03125;
10,71877;
9,937515;
18,14064;
9,937515;
4,07814;
4,85939;
3,687515;
0,1718903;
0,1718903;
-1,781235;
-6,07811;
-6,85936;
-13,10936;
-19,74998;
-15,45311;
-25,99998;
-27,56248;
-35,37498;
-41,23437;
-46,31249;
-50,99999;
-52,17187;
-52,17187;
-54,12498;
-52,95312;
-54,12498;
-54,90624;
-54,90624;
-56,07811;
-56,85936;
-57,24999;
-56,85936;
-58,03125;
-54,90624;
-59,59373;
-58,42187;
-58,03125;
-58,42187;
-59,20312;
-60,76562;
-61,15624;
-60,76562;
-60,37499;
-59,98437;
-61,15624;
-63,89062;
-63,10937;
-64,28125;
-63,10937;
-63,89062;
-63,10937;
-58,81248;
-62,71874;
-61,54687;
-62,71874;
-61,93749;
-62,32811;
-61,93749;
-59,20312;
-57,64062;
-62,32811;
-61,54687;
-61,93749;
-62,71874;
-60,76562;
-61,93749;
-60,37499;
-61,54687;
-58,81248;
-57,24999;
-58,81248;
-57,64062;
-55,29687;
-59,59373;
-58,03125;
-57,64062;
-58,81248;
-56,07811;
-54,90624;
-58,42187;
-50,60936;
-59,59373;
-56,85936;
-52,95312;
-55,29687;
-54,12498;
-54,12498;
-55,68749;
-54,51562;
-52,5625;
-51,39062;
-52,17187;
-53,73437;
-49,04687;
-47,48437;
-47,48437;
-48,65624;
-52,5625;
-50,21874;
-48,26562;
-50,99999;
-43,57812;
-45,92187;
-47,09373;
-43,96874;
-46,70312;
-43,57812;
-43,57812;
-43,96874;
-42,79687;
-41,62498;
-38,89061;
-37,71874;
-38,49999;
-38,49999;
-33,8125;
-31,46873;
-28,34375;
-26,78123;
-23,65623;
-21,70311;
-20,53123;
-15,45311;
-16,23436;
-17,40625;
-10,76561;
-11,15625;
-10,37498;
-5,29686;
-9,593735;
-3,343735;
-0,2187347;
-2,171875;
3,296875;
0,1718903;
0,9531403;
2,906265;
1,73439;
3,687515;
5,250015;
5,250015;
24,39064;
4,468765;
4,85939;
8,76564;
6,03125;
6,42189;
6,03125;
8,375015;
11,10939;
7,20314;
8,76564;
5,64064;
5,64064;
7,20314;
7,20314;
7,98439;
7,20314;
6,03125;
8,76564;
5,250015;
5,64064;
4,468765;
4,468765;
3,296875;
9,937515;
7,593765;
11,50002;
8,76564;
8,375015;
9,156265;
8,76564;
10,71877;
12,67189;
9,54689;
11,10939;
8,76564;
8,76564;
11,10939;
8,375015;
7,98439;
11,50002;
13,84377;
12,28127;
10,71877;
11,10939;
13,84377;
7,20314;
9,937515;
9,156265;
11,50002;
15,01564;
11,50002;
12,28127;
14,62502;
18,53127;
8,76564;
14,62502;
9,54689;
12,28127;
9,156265;
12,67189;
15,40627;
11,50002;
11,50002;
13,45314;
10,32814;
13,06252;
9,54689;
12,67189;
10,71877;
9,54689;
12,67189;
11,50002;
11,89064;
12,28127;
10,71877;
9,937515;
9,937515;
9,54689;
11,50002;
11,89064;
8,76564;
15,01564;
11,50002;
-1,39061;
12,28127;
9,937515;
9,156265;
11,50002;
9,156265;
11,89064;
8,375015;
8,375015;
10,71877;
5,64064;
3,687515;
7,593765;
3,687515;
6,42189;
7,20314;
0,1718903;
-0,2187347;
-4,906235;
-6,07811;
-8,031235;
-10,76561;
-12,32811;
-21,70311;
-27,17186;
-27,17186;
-40,84375;
-42,40623;
-45,53124;
-49,43749;
-50,60936;
-52,5625;
-54,12498;
-54,51562;
-53,34373;
-54,12498;
-56,85936;
-57,64062;
-58,81248;
-58,81248;
-56,46874;
-57,24999;
-59,98437;
-58,42187;
-61,93749;
-62,32811;
-58,42187;
-61,54687;
-53,73437;
-59,98437;
-63,49999;
-58,81248;
-60,37499;
-61,15624;
-58,81248;
-63,49999;
-63,10937;
-61,93749;
-62,71874;
-62,32811;
-58,81248;
-62,71874;
-61,54687;
-64,67187;
-62,71874;
-61,15624;
-61,54687;
-59,98437;
-60,76562;
-61,15624;
-59,98437;
-60,76562;
-60,37499;
-61,54687;
-62,32811;
-56,46874;
-62,71874;
-59,98437;
-54,90624;
-61,93749;
-59,59373;
-57,64062;
-58,81248;
-57,64062;
-58,42187;
-57,24999;
-56,07811;
-56,46874;
-56,07811;
-55,29687;
-56,46874;
-54,12498;
-56,46874;
-55,68749;
-52,95312;
-55,68749;
-52,17187;
-53,34373;
-52,95312;
-50,60936;
-51,78124;
-54,51562;
-49,82812;
-54,90624;
-50,21874;
-50,60936;
-52,5625;
-51,39062;
-48,26562;
-48,65624;
-47,09373;
-47,09373;
-47,87498;
-43,57812;
-47,87498;
-47,09373;
-44,74999;
-44,74999;
-39,28124;
-44,35936;
-41,23437;
-39,67186;
-37,32812;
-34,20311;
-32,64061;
-33,03123;
-26,78123;
-26,78123;
-21,70311;
-24,04686;
-22,875;
-17,79686;
-18,18748;
-12,71873;
-11,54686;
-13,10936;
-6,85936;
-5,6875;
-5,6875;
-0,9999847;
-4,51561;
1,73439;
-2,171875;
2,906265;
5,250015;
-0,9999847;
3,687515;
4,85939;
5,250015;
4,468765;
7,20314;
5,64064;
4,85939;
6,03125;
6,812515;
6,03125;
5,64064;
7,593765;
6,812515;
7,593765;
7,98439;
7,98439;
9,156265;
7,98439;
4,468765;
7,20314;
7,20314;
5,64064;
10,32814;
4,85939;
9,156265;
7,98439;
8,375015;
9,156265;
4,468765;
8,76564;
7,20314;
11,89064;
6,812515;
8,375015;
7,593765;
9,54689;
7,98439;
10,32814;
11,89064;
9,54689;
9,54689;
12,67189;
9,54689;
10,71877;
9,156265;
13,84377;
13,84377;
9,156265;
9,156265;
14,62502;
8,375015;
9,156265;
10,32814;
9,937515;
11,89064;
9,937515;
12,28127;
10,71877;
9,156265;
13,84377;
13,06252;
12,67189;
27,12502;
10,32814;
14,62502;
13,84377;
13,06252;
12,28127;
12,28127;
13,84377;
12,67189;
12,28127;
12,28127;
11,50002;
9,156265;
13,06252;
10,32814;
10,32814;
14,23439;
9,937515;
10,32814;
11,50002;
10,32814;
13,45314;
12,67189;
10,32814;
11,89064;
11,50002;
13,84377;
11,50002;
10,32814;
11,50002;
11,89064;
2,906265;
11,89064;
6,42189;
9,54689;
7,593765;
7,20314;
10,71877;
5,64064;
4,85939;
4,07814;
4,07814;
4,85939;
2,125015;
0,1718903;
-0,2187347;
-9,593735;
-12,32811;
-11,15625;
-17,79686;
-21,31248;
-23,26561;
-32,64061;
-36,15623;
-47,87498;
-48,65624;
-49,82812;
-53,73437;
-51,78124;
-51,78124;
-56,46874;
-51,78124;
-57,24999;
-53,34373;
-57,64062;
-60,76562;
-56,07811;
-56,07811;
-55,68749;
-57,64062;
-59,20312;
-57,24999;
-58,03125;
-61,93749;
-57,64062;
-63,49999;
-60,37499;
-57,64062;
-61,93749;
-56,07811;
-63,49999;
-62,32811;
-61,54687;
-61,93749;
-63,49999;
-59,98437;
-61,54687;
-62,71874;
-64,67187;
-61,54687;
-61,93749;
-61,54687;
-59,98437;
-60,37499;
-62,32811;
-58,42187;
-61,15624;
-61,54687;
-61,54687;
-60,76562;
-61,15624;
-59,20312;
-63,89062;
-60,76562;
-60,37499;
-59,98437;
-57,64062;
-60,37499;
-59,20312;
-52,95312;
-59,20312;
-57,24999;
-56,46874;
-54,12498;
-55,29687;
-57,64062;
-53,34373;
-56,07811;
-56,85936;
-54,51562;
-54,12498;
-52,17187;
-55,68749;
-54,90624;
-52,17187;
-52,5625;
-52,5625;
-46,31249;
-50,99999;
-49,43749;
-47,87498;
-50,99999;
-47,09373;
-47,48437;
-52,5625;
-47,09373;
-47,48437;
-45,92187;
-46,31249;
-45,53124;
-46,31249;
-50,21874;
-43,18749;
-45,53124;
-45,92187;
-40,84375;
-43,57812;
-42,79687;
-33,8125;
-39,67186;
-33,03123;
-30,29686;
-32,64061;
-23,65623;
-24,04686;
-21,70311;
-16,625;
-17,01561;
-14,67188;
-15,06248;
-13,49998;
-14,28123;
-8,812485;
-10,37498;
-6,07811;
-6,07811;
-1,781235;
-1,39061;
-1,781235;
-0,2187347;
-1,781235;
0,9531403;
3,687515;
3,296875;
3,687515;
6,42189;
2,125015;
8,76564;
7,20314;
3,296875;
7,20314;
6,42189;
7,593765;
6,03125;
4,85939;
6,812515;
7,593765;
2,125015;
6,812515;
7,593765;
6,03125;
7,20314;
6,42189;
9,54689;
9,156265;
6,812515;
-4,124985;
7,593765;
7,98439;
8,76564;
9,156265;
10,32814;
7,20314;
10,32814;
11,10939;
7,593765;
9,937515;
10,71877;
7,20314;
11,10939;
7,20314;
7,593765;
11,89064;
11,50002;
13,84377;
13,06252;
9,156265;
13,45314;
9,156265;
11,10939;
11,10939;
9,937515;
11,50002;
12,67189;
11,89064;
13,06252;
11,89064;
11,50002;
11,89064;
10,32814;
13,84377;
6,03125;
11,10939;
15,01564;
9,937515;
9,937515;
15,01564;
9,156265;
12,28127;
13,06252;
9,156265;
12,28127;
9,54689;
12,28127;
13,84377;
9,54689;
11,10939;
13,45314;
9,54689;
12,67189;
11,89064;
11,50002;
9,54689;
6,812515;
9,937515;
9,937515;
10,32814;
11,10939;
8,375015;
10,71877;
14,23439;
6,42189;
11,89064;
9,156265;
6,812515;
8,375015;
8,375015;
9,937515;
8,375015;
6,42189;
9,156265;
4,468765;
3,296875;
9,937515;
3,296875;
1,73439;
6,03125;
0,1718903;
-0,6093597;
-3,73436;
-9,20311;
-8,031235;
-14,28123;
-17,79686;
-20,92186;
-29,125;
-34,20311;
-43,96874;
-46,70312;
-48,26562;
-54,12498;
-53,73437;
-53,73437;
-55,29687;
-52,17187;
-54,90624;
-55,29687;
-52,95312;
-55,29687;
-58,03125;
-58,42187;
-60,37499;
-59,98437;
-58,42187;
-59,20312;
-59,59373;
-60,76562;
-59,98437;
-59,98437;
-59,98437;
-62,32811;
-61,93749;
-59,59373;
-59,59373;
-60,76562;
-59,20312;
-62,71874;
-59,98437;
-57,64062;
-61,15624;
-61,15624;
-61,93749;
-62,71874;
-61,54687;
-57,64062;
-62,32811;
-59,20312;
-61,54687;
-59,59373;
-58,42187;
-62,71874;
-63,49999;
-61,93749;
-63,10937;
-59,59373;
-59,20312;
-59,59373;
-59,98437;
-61,54687;
-57,24999;
-59,20312;
-58,03125;
-57,64062;
-60,37499;
-58,81248;
-54,90624;
-56,07811;
-53,34373;
-56,85936;
-56,85936;
-54,12498;
-54,90624;
-55,29687;
-54,51562;
-52,95312;
-54,51562;
-53,73437;
-56,46874;
-50,99999;
-55,29687;
-51,78124;
-52,17187;
-50,21874;
-52,5625;
-51,78124;
-52,17187;
-46,31249;
-50,60936;
-47,87498;
-48,65624;
-48,65624;
-47,09373;
-50,21874;
-45,53124;
-44,74999;
-45,53124;
-44,74999;
-46,70312;
-46,31249;
-41,23437;
-42,01562;
-42,01562;
-38,89061;
-37,71874;
-33,03123;
-31,85938;
-29,51561;
-24,43748;
-24,43748;
-23,26561;
-19,35938;
-15,06248;
-15,84373;
-13,89063;
-13,89063;
-11,93748;
-11,15625;
-9,20311;
-6,468735;
-4,51561;
0,1718903;
-3,343735;
0,9531403;
-0,9999847;
0,9531403;
2,125015;
3,296875;
5,64064;
8,375015;
5,250015;
5,64064;
7,593765;
5,250015;
6,42189;
5,64064;
3,687515;
8,76564;
6,03125;
7,593765;
8,76564;
6,812515;
6,03125;
10,32814;
5,64064;
6,812515;
5,64064;
6,812515;
6,03125;
5,64064;
11,50002;
6,03125;
4,07814;
8,76564;
6,812515;
1,73439;
9,54689;
8,76564;
7,98439;
8,76564;
2,125015;
10,71877;
-1,39061;
9,156265;
10,71877;
7,593765;
8,375015;
9,937515;
9,937515;
9,937515;
9,54689;
6,42189;
8,375015;
7,20314;
10,71877;
8,76564;
7,20314;
13,06252;
16,96877;
14,62502;
11,89064;
9,937515;
11,10939;
8,76564;
11,10939;
11,89064;
11,10939;
11,50002;
10,32814;
10,32814;
14,62502;
11,50002;
9,937515;
13,06252;
11,89064;
13,45314;
15,01564;
13,06252;
12,67189;
13,45314;
12,28127;
11,50002;
11,50002;
10,71877;
29,46877;
9,937515;
14,23439;
11,50002;
11,10939;
13,45314;
10,32814;
15,40627;
13,45314;
12,67189;
13,06252;
10,71877;
11,10939;
10,32814;
7,98439;
9,156265;
6,03125;
5,64064;
11,10939;
8,375015;
4,85939;
9,54689;
4,468765;
10,71877;
7,20314;
5,250015;
4,85939;
-4,906235;
0,5625;
1,343765;
-9,593735;
-5,6875;
-9,98436;
-12,32811;
-11,93748;
-22,48436;
-25,21873;
-31,07813;
-39,28124;
-45,53124;
-50,60936;
-50,60936;
-52,5625;
-55,68749;
-53,34373;
-53,34373;
-56,07811;
-56,07811;
-56,46874;
-56,85936;
-54,90624;
-61,93749;
-54,51562;
-56,85936;
-57,64062;
-57,64062;
-59,20312;
-59,59373;
-57,24999;
-58,81248;
-60,76562;
-60,37499;
-63,89062;
-61,15624;
-63,89062;
-59,20312;
-59,98437;
-61,54687;
-61,54687;
-62,71874;
-63,10937;
-61,93749;
-63,10937;
-61,15624;
-60,37499;
-63,89062;
-60,76562;
-61,15624;
-61,15624;
-60,76562;
-63,10937;
-60,76562;
-59,98437;
-61,93749;
-56,46874;
-63,49999;
-58,03125;
-58,42187;
-58,81248;
-61,93749;
-60,37499;
-61,54687;
-58,03125;
-58,81248;
-57,64062;
-54,90624;
-58,42187;
-59,98437;
-55,29687;
-54,51562;
-56,07811;
-54,12498;
-54,12498;
-54,51562;
-54,51562;
-57,64062;
-55,68749;
-52,5625;
-49,43749;
-51,78124;
-52,17187;
-49,43749;
-52,5625;
-50,21874;
-46,31249;
-51,39062;
-51,39062;
-48,65624;
-50,21874;
-48,65624;
-54,12498;
-47,87498;
-42,79687;
-49,43749;
-46,70312;
-44,35936;
-43,57812;
-44,74999;
-42,79687;
-41,23437;
-44,74999;
-40,06249;
-40,45312;
-38,49999;
-31,85938;
-33,42186;
-25,99998;
-28,34375;
-22,875;
-20,92186;
-20,14063;
-16,23436;
-15,84373;
-18,96873;
-13,89063;
-10,76561;
-13,10936;
-9,593735;
-7,249985;
-4,51561;
-0,2187347;
-0,2187347;
0,5625;
1,73439;
0,5625;
5,250015;
0,9531403;
5,250015;
8,76564;
2,51564;
3,687515;
4,468765;
2,906265;
7,593765;
6,42189;
6,812515;
7,20314;
4,468765;
5,64064;
5,250015;
7,593765;
6,42189;
4,468765;
8,76564;
6,812515;
4,468765;
7,20314;
4,468765;
5,64064;
7,98439;
6,42189;
7,593765;
8,375015;
7,98439;
7,593765;
11,10939;
7,593765;
9,156265;
4,85939;
9,54689;
8,375015;
7,20314;
9,937515;
7,20314;
9,54689;
13,45314;
12,28127;
14,23439;
11,10939;
9,54689;
29,46877;
11,10939;
10,32814;
9,54689;
11,10939;
9,937515;
10,32814;
8,375015;
10,71877;
10,32814;
13,45314;
15,01564;
11,10939;
12,67189;
12,28127;
10,32814;
15,01564;
12,67189;
12,28127;
11,10939;
11,50002;
15,01564;
14,62502;
1,343765;
13,45314;
13,45314;
12,28127;
15,01564;
9,937515;
13,06252;
11,50002;
11,10939;
10,71877;
9,156265;
11,10939;
12,67189;
9,156265;
12,67189;
13,06252;
12,28127;
9,54689;
9,54689;
12,67189;
9,54689;
8,375015;
10,71877;
11,10939;
12,28127;
11,89064;
6,42189;
11,89064;
14,23439;
8,375015;
10,71877;
8,375015;
6,03125;
8,76564;
5,250015;
5,64064;
2,906265;
5,250015;
-3,343735;
-0,2187347;
-1,781235;
-4,51561;
-10,37498;
-9,593735;
-16,23436;
-21,70311;
-23,26561;
-32,24998;
-33,42186;
-43,96874;
-51,78124;
-47,87498;
-53,34373;
-51,78124;
-52,5625;
-55,29687;
-54,12498;
-54,90624;
-55,68749;
-56,46874;
-56,07811;
-58,42187;
-57,64062;
-57,64062;
-53,73437;
-56,46874;
-60,37499;
-57,64062;
-61,93749;
-59,59373;
-60,76562;
-63,89062;
-58,81248;
-59,98437;
-63,49999;
-61,54687;
-61,93749;
-64,28125;
-60,76562;
-63,49999;
-57,64062;
-59,98437;
-62,71874;
-61,54687;
-64,67187;
-61,93749;
-59,20312;
-66,23437;
-58,81248;
-62,32811;
-61,93749;
-59,20312;
-61,93749;
-61,15624;
-57,24999;
-62,71874;
-63,10937;
-58,03125;
-59,98437;
-57,64062;
-55,29687;
-60,37499;
-54,51562;
-61,15624;
-57,64062;
-53,73437;
-58,81248;
-55,29687;
-56,85936;
-57,24999;
-56,85936;
-57,24999;
-55,68749;
-57,64062;
-54,90624;
-56,07811;
-54,12498;
-54,90624;
-53,73437;
-57,64062;
-49,43749;
-52,95312;
-51,78124;
-50,60936;
-52,95312;
-50,60936;
-49,82812;
-50,60936;
-46,70312;
-49,04687;
-49,04687;
-48,26562;
-49,43749;
-47,09373;
-46,31249;
-49,43749;
-45,53124;
-44,74999;
-47,48437;
-45,53124;
-44,74999;
-39,67186;
-42,01562;
-39,67186;
-40,45312;
-36,93748;
-32,24998;
-29,51561;
-32,64061;
-24,43748;
-23,65623;
-24,82813;
-15,45311;
-18,18748;
-15,45311;
-13,89063;
-11,54686;
-10,76561;
-6,468735;
-6,85936;
-4,51561;
-4,51561;
-0,9999847;
0,1718903;
-0,9999847;
3,296875;
1,343765;
0,9531403;
5,64064;
4,07814;
5,250015;
4,07814;
0,9531403;
7,20314;
6,03125;
6,42189;
6,03125;
5,250015;
9,54689;
7,98439;
7,98439;
6,03125;
4,07814;
4,468765;
8,375015;
4,07814;
7,593765;
6,812515;
5,250015;
9,54689;
6,03125;
6,812515;
7,593765;
5,250015;
8,375015;
11,10939;
7,98439;
9,54689;
8,76564;
2,906265;
13,45314;
7,20314;
10,32814;
6,812515;
9,156265;
11,50002;
-0,9999847;
12,28127;
7,593765;
6,42189;
7,593765;
11,89064;
6,812515;
12,28127;
11,10939;
9,937515;
11,89064;
11,89064;
13,06252;
11,10939;
8,375015;
14,62502;
13,06252;
10,71877;
11,10939;
13,84377;
13,06252;
22,04689;
9,54689;
13,06252;
13,84377;
11,50002;
9,937515;
12,67189;
10,71877;
10,32814;
15,01564;
14,23439;
12,67189;
10,71877;
16,57814;
12,28127;
20,48439;
11,10939;
11,10939;
11,10939;
14,62502;
11,50002;
15,01564;
9,156265;
13,45314;
11,89064;
10,32814;
12,67189;
10,71877;
13,45314;
9,937515;
8,375015;
13,45314;
11,10939;
7,20314;
8,375015;
8,375015;
10,71877;
11,10939;
6,03125;
9,937515;
7,593765;
4,85939;
7,98439;
6,812515;
5,250015;
1,343765;
-0,9999847;
-1,781235;
-5,29686;
-6,07811;
-10,76561;
-17,01561;
-19,35938;
-22,875;
-29,125;
-36,15623;
-44,74999;
-43,57812;
-51,78124;
-53,34373;
-52,95312;
-55,29687;
-54,90624;
-52,17187;
-53,73437;
-56,07811;
-56,07811;
-56,85936;
-54,90624;
-56,46874;
-58,81248;
-55,68749;
-60,76562;
-57,24999;
-60,37499;
-63,10937;
-57,24999;
-62,32811;
-62,71874;
-62,71874;
-61,15624;
-61,54687;
-61,15624;
-64,28125;
-59,59373;
-62,32811;
-61,15624;
-63,10937;
-60,76562;
-61,54687;
-58,42187;
-61,93749;
-61,93749;
-65,06248;
-63,10937;
-59,20312;
-61,15624;
-60,76562;
-63,49999;
-62,71874;
-58,03125;
-60,37499;
-60,37499;
-57,64062;
-59,98437;
-58,03125;
-61,15624;
-61,93749;
-58,03125;
-61,15624;
-59,59373;
-57,64062;
-59,98437;
-56,46874;
-56,07811;
-57,64062;
-54,90624;
-58,81248;
-56,46874;
-54,51562;
-57,24999;
-53,73437;
-54,51562;
-56,07811;
-53,34373;
-54,90624;
-54,12498;
-52,95312;
-52,17187;
-52,5625;
-48,26562;
-49,43749;
-48,26562;
-54,51562;
-49,43749;
-49,82812;
-51,39062;
-48,26562;
-50,60936;
-49,82812;
-47,48437;
-49,04687;
-45,53124;
-47,09373;
-50,21874;
-43,18749;
-43,96874;
-43,18749;
-40,45312;
-36,54688;
-36,93748;
-38,49999;
-36,15623;
-29,90623;
-28,73436;
-26,39063;
-26,78123;
-18,96873;
-19,35938;
-19,74998;
-15,84373;
-11,54686;
-14,28123;
-12,71873;
-8,421875;
-11,54686;
-6,07811;
-3,343735;
-3,73436;
1,343765;
2,51564;
3,687515;
4,468765;
2,125015;
2,125015;
4,85939;
4,07814;
5,64064;
6,03125;
4,07814;
6,42189;
5,250015;
6,42189;
5,250015;
4,85939;
8,76564;
6,03125;
11,10939;
4,85939;
5,250015;
6,42189;
4,85939;
8,76564;
4,85939;
6,03125;
9,937515;
7,593765;
7,20314;
8,76564;
8,76564;
7,98439;
8,76564;
7,593765;
7,593765;
7,593765;
7,98439;
8,375015;
10,71877;
7,20314;
11,89064;
10,71877;
5,64064;
9,54689;
7,20314;
11,89064;
11,50002;
11,10939;
10,71877;
13,45314;
7,98439;
11,50002;
11,50002;
15,01564;
12,28127;
11,10939;
9,54689;
11,89064;
12,67189;
12,67189;
11,50002;
14,23439;
10,71877;
9,937515;
12,67189;
16,18752;
23,21877;
12,67189;
12,28127;
8,375015;
11,50002;
9,54689;
12,67189;
11,10939;
13,06252;
10,71877;
9,937515;
13,45314;
11,89064;
10,71877;
12,67189;
11,50002;
12,28127;
13,45314;
12,28127;
13,84377;
10,32814;
12,28127;
8,375015;
10,32814;
12,28127;
12,67189;
12,67189;
14,23439;
12,28127;
9,937515;
11,50002;
7,593765;
13,06252;
9,937515;
9,937515;
11,50002;
9,937515;
6,42189;
8,375015;
8,375015;
9,156265;
3,687515;
1,73439;
4,07814;
0,9531403;
0,5625;
-3,343735;
-4,906235;
-10,37498;
-13,10936;
-16,23436;
-18,57811;
-25,60938;
-27,95311;
-33,42186;
-42,40623;
-46,70312;
-49,04687;
-52,95312;
-52,17187;
-55,29687;
-55,68749;
-53,34373;
-57,24999;
-55,68749;
-56,07811;
-56,85936;
-58,03125;
-55,68749;
-58,03125;
-60,37499;
-58,81248;
-58,81248;
-59,20312;
-57,24999;
-59,59373;
-59,20312;
-58,03125;
-60,76562;
-61,93749;
-59,98437;
-63,89062;
-62,71874;
-58,81248;
-61,93749;
-60,37499;
-59,20312;
-62,32811;
-58,81248;
-62,71874;
-62,32811;
-61,54687;
-64,67187;
-58,42187;
-61,15624;
-62,32811;
-59,59373;
-63,10937;
-58,03125;
-61,93749;
-65,84374;
-56,46874;
-59,59373;
-62,32811;
-59,59373;
-60,76562;
-61,15624;
-58,81248;
-60,76562;
-54,51562;
-59,59373;
-57,64062;
-57,64062;
-58,42187;
-54,12498;
-53,73437;
-56,07811;
-53,34373;
-56,07811;
-51,78124;
-52,95312;
-53,73437;
-53,34373;
-52,95312;
-56,46874;
-51,78124;
-52,17187;
-51,78124;
-52,17187;
-54,12498;
-52,17187;
-50,99999;
-53,34373;
-48,65624;
-51,78124;
-48,65624;
-47,87498;
-50,99999;
-48,65624;
-45,14061;
-46,70312;
-44,74999;
-46,70312;
-43,57812;
-44,35936;
-44,74999;
-41,62498;
-43,96874;
-39,28124;
-35,37498;
-37,71874;
-31,46873;
-36,15623;
-32,64061;
-24,82813;
-27,17186;
-25,60938;
-20,53123;
-18,57811;
-17,40625;
-17,40625;
-18,57811;
-7,64061;
-11,54686;
-8,421875;
-5,6875;
-4,51561;
-2,95311;
-1,39061;
-2,562485;
4,07814;
3,296875;
3,296875;
2,906265;
2,906265;
1,73439;
5,250015;
-2,171875;
6,812515;
5,250015;
5,64064;
2,906265;
5,250015;
5,250015;
11,89064;
7,20314;
8,375015;
7,593765;
6,03125;
7,98439;
3,687515;
6,812515;
7,98439;
2,906265;
7,20314;
4,85939;
11,10939;
8,76564;
10,32814;
7,593765;
5,64064;
7,593765;
10,71877;
7,20314;
9,54689;
11,10939;
7,593765;
11,50002;
8,375015;
10,71877;
10,32814;
9,156265;
7,98439;
12,28127;
7,593765;
8,76564;
12,28127;
7,98439;
11,10939;
6,42189;
11,50002;
9,937515;
9,156265;
12,28127;
11,10939;
12,28127;
13,45314;
8,76564;
10,71877;
11,89064;
13,45314;
15,79689;
3,687515;
11,10939;
10,32814;
8,76564;
11,10939;
14,62502;
11,50002;
11,89064;
11,50002;
13,45314;
13,06252;
8,375015;
10,71877;
15,01564;
11,89064;
14,62502;
11,89064;
13,84377;
13,84377;
7,593765;
11,50002;
11,10939;
9,156265;
13,84377;
9,937515;
9,937515;
12,28127;
9,156265;
9,937515;
8,76564;
6,03125;
12,28127;
9,54689;
11,50002;
10,71877;
5,64064;
9,937515;
10,32814;
6,03125;
12,67189;
11,89064;
19,31252;
8,76564;
4,85939;
8,375015;
4,07814;
2,51564;
-3,343735;
0,5625;
-4,51561;
-9,20311;
-11,54686;
-11,54686;
-15,84373;
-22,09375;
-26,39063;
-34,20311;
-37,71874;
-46,70312;
-54,12498;
-48,65624;
-51,78124;
-54,12498;
-52,17187;
-59,20312;
-50,60936;
-52,95312;
-58,42187;
-54,90624;
-54,51562;
-59,59373;
-56,07811;
-56,46874;
-58,81248;
-56,07811;
-60,37499;
-57,64062;
-57,64062;
-61,15624;
-59,59373;
-61,93749;
-58,03125;
-61,93749;
-62,32811;
-59,59373;
-63,10937;
-62,71874;
-62,32811;
-61,93749;
-60,76562;
-59,59373;
-62,71874;
-62,32811;
-62,32811;
-59,98437;
-62,32811;
-63,89062;
-61,15624;
-60,76562;
-61,15624;
-60,37499;
-61,93749;
-59,98437;
-61,15624;
-58,03125;
-58,81248;
-63,10937;
-61,93749;
-58,42187;
-59,98437;
-59,59373;
-55,29687;
-61,15624;
-58,03125;
-59,98437;
-57,64062;
-57,64062;
-58,03125;
-57,24999;
-55,29687;
-56,07811;
-52,95312;
-54,90624;
-54,51562;
-52,95312;
-55,68749;
-52,5625;
-53,73437;
-53,34373;
-51,39062;
-55,29687;
-54,12498;
-52,17187;
-51,39062;
-50,60936;
-50,99999;
-50,21874;
-44,74999;
-48,65624;
-45,92187;
-50,99999;
-49,43749;
-47,09373;
-48,65624;
-49,82812;
-46,31249;
-47,48437;
-45,53124;
-42,40623;
-39,28124;
-39,28124;
-40,06249;
-40,45312;
-33,42186;
-34,59375;
-30,68748;
-25,21873;
-28,34375;
-23,65623;
-20,92186;
-19,35938;
-18,57811;
-16,23436;
-13,89063;
-13,10936;
-12,32811;
-9,98436;
-8,812485;
-10,76561;
-2,562485;
0,5625;
-0,2187347;
2,125015;
0,1718903;
3,296875;
0,9531403;
4,468765;
5,64064;
2,125015;
6,812515;
7,593765;
4,468765;
6,42189;
8,375015;
6,03125;
7,20314;
6,03125;
4,468765;
7,20314;
7,593765;
7,20314;
5,64064;
7,98439;
7,593765;
6,42189;
11,50002;
8,76564;
6,812515;
8,375015;
6,812515;
7,98439;
8,76564;
5,64064;
13,06252;
5,250015;
10,71877;
11,50002;
8,375015;
6,03125;
10,32814;
8,76564;
11,10939;
10,32814;
7,593765;
10,71877;
10,71877;
11,50002;
7,20314;
8,76564;
11,10939;
10,32814;
8,76564;
11,50002;
10,71877;
12,28127;
8,76564;
7,98439;
12,67189;
13,45314;
9,156265;
10,71877;
11,10939;
10,32814;
10,32814;
12,28127;
13,06252;
13,45314;
12,28127;
13,45314;
11,10939;
12,67189;
13,06252;
10,32814;
15,01564;
4,468765;
11,89064;
13,45314;
9,54689;
16,18752;
11,10939;
6,812515;
16,18752;
12,28127;
9,156265;
10,71877;
13,06252;
13,45314;
9,156265;
9,937515;
13,45314;
10,71877;
10,71877;
11,50002;
8,375015;
6,812515;
9,156265;
11,50002;
7,593765;
7,593765;
10,71877;
6,03125;
10,71877;
9,156265;
6,03125;
8,375015;
7,98439;
2,125015;
5,64064;
3,296875;
2,906265;
-0,2187347;
-2,171875;
-8,031235;
-8,421875;
-9,20311;
-12,71873;
-18,57811;
-22,875;
-30,29686;
-33,03123;
-40,45312;
-48,65624;
-50,99999;
-52,95312;
-52,95312;
-52,5625;
-55,29687;
-56,46874;
-54,51562;
-55,29687;
-49,82812;
-56,85936;
-57,24999;
-56,46874;
-58,81248;
-59,59373;
-57,64062;
-60,76562;
-59,98437;
-56,46874;
-61,15624;
-58,42187;
-62,32811;
-63,10937;
-60,76562;
-60,76562;
-59,20312;
-60,76562;
-61,93749;
-60,37499;
-61,93749;
-61,15624;
-59,98437;
-65,45312;
-61,54687;
-64,67187;
-61,54687;
-56,46874;
-63,10937;
-59,20312;
-59,98437;
-61,54687;
-59,98437;
-59,59373;
-63,49999;
-59,59373;
-61,15624;
-58,81248;
-55,68749;
-59,59373;
-58,03125;
-58,81248;
-60,37499;
-57,24999;
-57,64062;
-57,64062;
-56,85936;
-57,24999;
-57,64062;
-56,46874;
-56,07811;
-54,90624;
-55,29687;
-56,07811;
-52,95312;
-56,85936;
-54,51562;
-54,90624;
-53,73437;
-48,65624;
-54,90624;
-52,5625;
-50,60936;
-55,29687;
-52,17187;
-51,78124;
-50,60936;
-48,65624;
-49,04687;
-50,60936;
-46,70312;
-50,21874;
-45,53124;
-48,26562;
-49,04687;
-45,92187;
-49,43749;
-43,18749;
-48,65624;
-44,74999;
-43,18749;
-43,96874;
-43,96874;
-40,84375;
-42,01562;
-35,76561;
-34,98436;
-31,85938;
-31,85938;
-28,73436;
-27,17186;
-21,70311;
-22,48436;
-17,79686;
-15,06248;
-17,79686;
-13,10936;
-13,89063;
-12,71873;
-7,64061;
-9,20311;
-6,468735;
-4,906235;
-3,73436;
-0,2187347;
-0,2187347;
0,1718903;
2,51564;
-2,171875;
6,42189;
5,250015;
4,85939;
6,42189;
3,296875;
4,85939;
7,20314;
3,687515;
2,51564;
3,296875;
4,468765;
2,906265;
9,54689;
7,20314;
6,03125;
6,03125;
8,375015;
9,156265;
7,98439;
9,156265;
8,76564;
6,03125;
8,375015;
10,32814;
11,89064;
4,468765;
10,71877;
9,937515;
9,937515;
10,32814;
7,98439;
8,375015;
13,45314;
9,937515;
9,54689;
8,375015;
9,156265;
1,73439;
10,32814;
10,32814;
11,10939;
9,156265;
8,375015;
10,71877;
9,937515;
11,10939;
12,67189;
10,32814;
14,23439;
7,593765;
10,32814;
11,50002;
10,71877;
9,156265;
5,250015;
12,67189;
15,01564;
12,67189;
13,84377;
13,45314;
12,67189;
13,06252;
11,50002;
11,89064;
13,06252;
13,45314;
13,84377;
9,54689;
11,50002;
11,89064;
11,10939;
13,84377;
13,45314;
7,20314;
13,06252;
10,71877;
10,71877;
13,84377;
11,10939;
8,375015;
11,89064;
10,32814;
11,89064;
10,71877;
11,10939;
12,28127;
13,84377;
11,89064;
12,67189;
9,156265;
12,67189;
11,50002;
11,10939;
10,71877;
8,76564;
9,54689;
9,156265;
6,812515;
7,20314;
6,812515;
5,250015;
9,156265;
7,98439;
4,85939;
0,9531403;
-2,562485;
-1,781235;
-7,249985;
-11,54686;
-11,54686;
-16,23436;
-19,74998;
-22,09375;
-30,29686;
-36,54688;
-42,01562;
-49,04687;
-49,04687;
-50,99999;
-52,95312;
-53,34373;
-53,73437;
-51,39062;
-53,73437;
-56,07811;
-53,73437;
-56,46874;
-53,34373;
-57,64062;
-57,64062;
-58,03125;
-56,85936;
-58,42187;
-60,76562;
-62,32811;
-58,42187;
-61,54687;
-59,98437;
-58,42187;
-61,15624;
-60,37499;
-59,20312;
-62,71874;
-61,93749;
-66,23437;
-65,06248;
-57,64062;
-63,89062;
-61,15624;
-59,59373;
-63,49999;
-58,03125;
-63,89062;
-60,37499;
-60,76562;
-60,37499;
-58,03125;
-59,98437;
-61,93749;
-61,93749;
-61,93749;
-59,59373;
-56,46874;
-59,20312;
-54,12498;
-57,64062;
-61,93749;
-59,59373;
-59,20312;
-59,20312;
-55,29687;
-59,20312;
-59,20312;
-60,37499;
-56,46874;
-52,95312;
-56,46874;
-57,64062;
-53,73437;
-56,46874;
-54,12498;
-55,29687;
-53,73437;
-53,73437;
-54,12498;
-52,95312;
-49,43749;
-52,95312;
-51,39062;
-50,99999;
-51,39062;
-50,21874;
-52,95312;
-50,21874;
-46,70312;
-47,09373;
-48,65624;
-45,14061;
-49,82812;
-47,87498;
-48,26562;
-47,48437;
-46,70312;
-48,26562;
-40,84375;
-40,84375;
-43,96874;
-41,62498;
-42,40623;
-39,28124;
-34,20311;
-34,59375;
-31,85938;
-31,46873;
-27,95311;
-25,21873;
-26,39063;
-23,26561;
-21,31248;
-21,70311;
-22,09375;
-17,01561;
-12,71873;
-8,812485;
-10,37498;
-7,249985;
-3,73436;
-5,29686;
-2,95311;
-1,39061;
0,9531403;
0,9531403;
1,73439;
6,03125;
7,593765;
1,343765;
4,07814;
5,250015;
4,07814;
7,593765;
6,812515;
9,937515;
7,593765;
6,42189;
8,375015;
2,125015;
6,03125;
8,375015;
3,687515;
9,54689;
8,375015;
7,98439;
7,20314;
7,20314;
7,593765;
10,32814;
7,593765;
11,10939;
8,76564;
8,76564;
8,375015;
6,42189;
7,20314;
9,54689;
0,5625;
8,375015;
7,98439;
5,250015;
10,32814;
8,375015;
10,71877;
12,28127;
8,76564;
11,10939;
2,125015;
2,125015;
9,937515;
8,76564;
12,28127;
11,10939;
12,67189;
4,07814;
8,375015;
10,32814;
9,156265;
10,71877;
13,45314;
7,98439;
7,593765;
14,23439;
11,10939;
8,76564;
15,01564;
12,28127;
11,10939;
11,50002;
10,32814;
14,62502;
9,937515;
12,28127;
13,45314;
13,45314;
11,89064;
12,67189;
11,10939;
12,67189;
7,98439;
9,937515;
13,06252;
11,10939;
11,50002;
11,89064;
11,10939;
14,23439;
9,54689;
7,593765;
12,67189;
10,71877;
9,54689;
13,45314;
12,67189;
13,06252;
10,32814;
7,98439;
13,45314;
11,10939;
9,937515;
9,54689;
11,50002;
10,32814;
8,76564;
10,71877;
9,937515;
6,42189;
7,593765;
4,85939;
6,812515;
7,20314;
0,5625;
-0,6093597;
-0,6093597;
-4,51561;
-8,812485;
-11,15625;
-18,18748;
-19,35938;
-23,65623;
-30,29686;
-37,71874;
-44,35936;
-49,04687;
-50,60936;
-51,78124;
-53,34373;
-56,07811;
-54,90624;
-56,07811;
-58,03125;
-52,5625;
-55,68749;
-59,59373;
-58,03125;
-60,76562;
-54,12498;
-56,46874;
-59,59373;
-59,59373;
-57,24999;
-58,42187;
-58,81248;
-61,15624;
-58,42187;
-57,24999;
-62,32811;
-61,54687;
-61,15624;
-63,49999;
-61,54687;
-62,32811;
-59,20312;
-59,98437;
-66,23437;
-61,15624;
-63,49999;
-60,76562;
-59,59373;
-64,28125;
-60,37499;
-61,15624;
-63,89062;
-61,54687;
-63,89062;
-60,76562;
-60,37499;
-60,37499;
-59,98437;
-59,98437;
-61,54687;
-58,81248;
-60,37499;
-59,20312;
-55,29687;
-56,46874;
-58,03125;
-58,81248;
-59,98437;
-55,29687;
-59,98437;
-58,03125;
-56,07811;
-56,46874;
-55,29687;
-52,5625;
-54,51562;
-56,07811;
-54,51562;
-53,34373;
-52,17187;
-55,29687;
-52,17187;
-54,51562;
-52,5625;
-51,78124;
-52,17187;
-48,65624;
-52,95312;
-50,99999;
-52,5625;
-51,39062;
-54,12498;
-49,82812;
-50,21874;
-48,65624;
-47,48437;
-45,53124;
-45,53124;
-45,14061;
-47,48437;
-43,57812;
-44,35936;
-38,89061;
-42,01562;
-38,49999;
-38,10938;
-37,71874;
-36,54688;
-31,85938;
-30,29686;
-28,34375;
-24,82813;
-24,04686;
-20,14063;
-20,14063;
-17,79686;
-12,71873;
-16,23436;
-11,15625;
-11,93748;
-7,64061;
-6,468735;
-4,51561;
-5,6875;
1,343765;
-0,2187347;
2,125015;
2,51564;
2,906265;
4,07814;
0,9531403;
4,468765;
6,03125;
5,64064;
6,42189;
4,468765;
1,73439;
7,20314;
7,20314;
7,593765;
4,468765;
4,85939;
7,20314;
7,20314;
7,98439;
9,937515;
7,20314;
5,250015;
6,42189;
5,64064;
6,42189;
7,98439;
7,20314;
11,10939;
7,593765;
6,42189;
8,76564;
6,812515;
9,937515;
7,20314;
7,593765;
8,375015;
6,42189;
9,54689;
9,156265;
8,76564;
10,71877;
9,156265;
8,76564;
11,10939;
9,937515;
8,375015;
11,50002;
8,76564;
9,937515;
11,10939;
9,156265;
11,89064;
9,54689;
12,28127;
9,156265;
7,98439;
14,23439;
9,156265;
13,06252;
15,79689;
11,50002;
13,06252;
12,67189;
11,89064;
13,45314;
11,10939;
12,28127;
12,67189;
11,50002;
10,32814;
10,71877;
7,20314;
12,67189;
10,71877;
10,71877;
12,28127;
8,375015;
12,28127;
12,28127;
10,32814;
14,23439;
9,54689;
11,10939;
10,32814;
8,76564;
9,937515;
9,54689;
10,71877;
13,06252;
10,71877;
14,62502;
9,54689;
10,32814;
11,50002;
9,54689;
9,937515;
-0,6093597;
8,375015;
11,10939;
11,10939;
7,98439;
10,71877;
10,71877;
7,593765;
6,42189;
6,03125;
6,812515;
7,593765;
-1,39061;
0,5625;
-2,562485;
-6,07811;
-9,98436;
-14,67188;
-17,01561;
-21,70311;
-24,82813;
-29,90623;
-40,45312;
-41,23437;
-46,31249;
-51,39062;
-52,17187;
-52,17187;
-55,68749;
-52,95312;
-57,24999;
-50,99999;
-52,5625;
-54,12498;
-56,85936;
-58,03125;
-57,64062;
-55,29687;
-59,20312;
-57,24999;
-58,81248;
-62,32811;
-57,24999;
-61,93749;
-58,81248;
-59,59373;
-58,03125;
-59,59373;
-62,32811;
-65,84374;
-63,10937;
-63,89062;
-62,71874;
-62,71874;
-60,76562;
-60,76562;
-65,06248;
-59,98437;
-60,37499;
-64,28125;
-62,32811;
-58,42187;
-64,28125;
-61,15624;
-63,89062;
-62,71874;
-54,90624;
-61,15624;
-60,37499;
-58,81248;
-61,15624;
-59,59373;
-60,76562;
-59,20312;
-56,46874;
-56,85936;
-57,64062;
-59,20312;
-58,03125;
-53,34373;
-57,64062;
-56,07811;
-57,64062;
-58,03125;
-57,64062;
-52,17187;
-58,03125;
-54,51562;
-54,12498;
-54,12498;
-50,21874;
-53,34373;
-52,95312;
-50,21874;
-56,46874;
-50,99999;
-53,34373;
-52,17187;
-50,99999;
-53,73437;
-50,60936;
-49,82812;
-48,26562;
-49,43749;
-50,60936;
-49,43749;
-47,48437;
-48,26562;
-43,18749;
-44,35936;
-47,09373;
-45,14061;
-43,57812;
-42,79687;
-42,79687;
-43,57812;
-38,89061;
-41,62498;
-35,76561;
-33,03123;
-31,46873;
-29,90623;
-24,43748;
-27,17186;
-17,01561;
-24,04686;
-20,53123;
-16,23436;
-15,45311;
-14,67188;
-11,54686;
-10,37498;
-9,20311;
-9,20311;
-8,031235;
-2,562485;
0,1718903;
0,5625;
5,250015;
1,343765;
4,85939;
-2,562485;
0,9531403;
3,687515;
2,125015;
4,85939;
7,20314;
5,250015;
7,593765;
4,468765;
0,5625;
7,20314;
5,64064;
5,64064;
8,76564;
7,98439;
12,28127;
-0,9999847;
7,20314;
9,54689;
5,64064;
4,85939;
6,812515;
8,375015;
9,156265;
6,42189;
10,32814;
9,54689;
5,250015;
6,812515;
9,54689;
9,937515;
10,71877;
8,76564;
9,54689;
10,71877;
11,10939;
7,98439;
11,50002;
12,28127;
10,71877;
9,156265;
11,10939;
12,67189;
2,125015;
11,89064;
11,89064;
7,98439;
12,67189;
10,32814;
11,50002;
12,28127;
9,54689;
12,28127;
10,71877;
7,20314;
11,89064;
11,10939;
11,50002;
13,45314;
11,89064;
16,57814;
12,28127;
10,32814;
13,06252;
12,28127;
15,40627;
13,84377;
8,375015;
11,50002;
11,89064;
10,32814;
12,67189;
13,06252;
12,28127;
13,84377;
11,10939;
12,28127;
12,67189;
9,937515;
11,50002;
10,32814;
12,67189;
11,10939;
9,937515;
11,89064;
6,03125;
0,9531403;
12,28127;
13,84377;
13,06252;
9,156265;
9,54689;
14,23439;
6,812515;
9,54689;
11,50002;
8,76564;
9,54689;
7,98439;
8,375015;
9,156265;
6,42189;
4,468765;
6,812515;
-0,2187347;
6,812515;
0,9531403;
-4,124985;
-6,07811;
-9,20311;
-11,54686;
-17,01561;
-18,18748;
-22,09375;
-34,98436;
-35,37498;
-42,79687;
-47,48437;
-50,60936;
-52,17187;
-53,34373;
-54,90624;
-55,29687;
-52,95312;
-54,51562;
-56,07811;
-55,68749;
-54,51562;
-56,46874;
-56,46874;
-59,98437;
-57,24999;
-57,64062;
-63,49999;
-60,76562;
-58,03125;
-60,37499;
-57,24999;
-59,20312;
-60,76562;
-61,15624;
-63,89062;
-60,76562;
-60,76562;
-62,32811;
-63,10937;
-60,76562;
-63,10937;
-57,64062;
-62,32811;
-59,59373;
-59,98437;
-62,32811;
-61,93749;
-63,10937;
-60,37499;
-62,71874;
-59,59373;
-61,15624;
-60,37499;
-60,37499;
-58,81248;
-59,98437;
-58,42187;
-57,24999;
-58,42187;
-60,37499;
-59,59373;
-58,81248;
-57,64062;
-61,15624;
-59,98437;
-55,29687;
-59,59373;
-57,64062;
-58,03125;
-56,46874;
-54,12498;
-57,24999;
-56,85936;
-51,78124;
-56,85936;
-55,29687;
-54,12498;
-52,95312;
-52,17187;
-52,5625;
-54,12498;
-49,43749;
-54,12498;
-49,04687;
-52,17187;
-52,95312;
-49,82812;
-50,99999;
-48,26562;
-46,70312;
-50,60936;
-44,74999;
-47,48437;
-46,70312;
-45,14061;
-48,26562;
-44,35936;
-43,96874;
-44,74999;
-42,01562;
-42,79687;
-42,40623;
-40,06249;
-38,49999;
-38,89061;
-38,49999;
-33,8125;
-25,99998;
-29,51561;
-24,04686;
-20,53123;
-20,92186;
-18,18748;
-16,625;
-18,18748;
-13,10936;
-8,812485;
-9,98436;
-11,54686;
-7,64061;
-2,562485;
-2,95311;
2,125015;
0,1718903;
0,9531403;
1,73439;
