2,82814;
1,656265;
1,656265;
4,39064;
3,60939;
1,26564;
1,26564;
3,218765;
1,26564;
6,343765;
4,39064;
5,17189;
6,73439;
6,343765;
5,95314;
-2,249985;
5,95314;
7,906265;
9,07814;
21,57814;
6,73439;
12,59377;
9,85939;
10,25002;
11,42189;
10,25002;
8,29689;
9,468765;
13,37502;
10,64064;
8,29689;
7,906265;
11,42189;
9,468765;
7,125015;
8,29689;
13,76562;
9,07814;
10,64064;
8,29689;
4,000015;
12,98439;
9,07814;
10,64064;
10,25002;
11,42189;
11,42189;
9,85939;
11,81252;
11,42189;
11,81252;
13,37502;
11,03127;
12,59377;
16,10939;
10,64064;
14,93752;
11,81252;
11,42189;
20,01564;
12,59377;
16,89064;
12,20314;
12,20314;
11,42189;
14,54689;
13,76562;
16,50002;
15,32814;
12,59377;
12,59377;
14,54689;
15,32814;
12,20314;
11,81252;
16,89064;
11,42189;
10,64064;
14,93752;
16,10939;
16,89064;
8,687515;
11,03127;
14,54689;
11,81252;
12,59377;
17,67189;
14,15627;
19,23439;
16,10939;
17,28127;
20,01564;
21,18752;
8,29689;
18,06252;
23,14064;
31,73439;
20,01564;
11,03127;
20,79689;
17,67189;
12,59377;
16,50002;
18,84377;
7,51564;
18,45314;
18,06252;
19,23439;
16,50002;
18,45314;
16,89064;
16,50002;
20,01564;
34,07816;
20,01564;
11,03127;
14,15627;
16,89064;
14,93752;
15,32814;
15,32814;
12,59377;
14,15627;
12,20314;
12,20314;
14,15627;
14,54689;
9,468765;
14,15627;
12,98439;
13,37502;
12,59377;
18,06252;
10,25002;
12,98439;
8,687515;
10,25002;
9,468765;
6,73439;
4,781265;
1,656265;
2,437515;
1,26564;
1,656265;
-2,64061;
-6,54686;
-3,812485;
-7,718735;
-12,01561;
-12,01561;
-20,21873;
-24,125;
-24,125;
-30,375;
-34,67186;
-42,48437;
-48,73437;
-51,07811;
-53,42187;
-55,76562;
-52,24999;
-56,15624;
-54,98437;
-48,34373;
-57,32811;
-57,32811;
-55,76562;
-57,71874;
-54,59373;
-63,18749;
-58,49999;
-58,49999;
-62,40624;
-58,49999;
-56,93749;
-61,62499;
-56,93749;
-57,71874;
-61,62499;
-59,28125;
-62,40624;
-61,23437;
-63,96874;
-60,06248;
-61,62499;
-62,79686;
-62,79686;
-66,31248;
-63,57811;
-59,67187;
-62,79686;
-62,40624;
-63,57811;
-62,40624;
-61,62499;
-64,35937;
-65,53125;
-63,57811;
-60,45312;
-63,18749;
-61,62499;
-63,18749;
-61,23437;
-60,06248;
-59,28125;
-64,75;
-63,57811;
-62,79686;
-64,75;
-65,92187;
-63,96874;
-63,96874;
-59,28125;
-63,57811;
-63,18749;
-65,14062;
-62,01562;
-61,62499;
-65,14062;
-60,84373;
-65,14062;
-64,75;
-62,40624;
-64,75;
-58,10936;
-61,23437;
-62,01562;
-63,96874;
-62,40624;
-60,06248;
-63,18749;
-60,45312;
-60,84373;
-59,67187;
-61,62499;
-58,49999;
-62,79686;
-56,54687;
-58,10936;
-58,49999;
-51,46874;
-60,45312;
-53,8125;
-58,49999;
-60,06248;
-52,64062;
-56,93749;
-57,71874;
-56,93749;
-57,32811;
-58,49999;
-58,10936;
-55,76562;
-55,37499;
-54,20312;
-55,37499;
-54,59373;
-56,93749;
-56,93749;
-55,37499;
-51,07811;
-48,34373;
-54,20312;
-52,64062;
-51,07811;
-52,24999;
-48,73437;
-49,12498;
-47,95312;
-45,99999;
-47,56249;
-45,99999;
-48,34373;
-47,95312;
-38,57813;
-44,43749;
-45,99999;
-45,21874;
-39,35936;
-41,31249;
-41,70312;
-37,79688;
-33,10938;
-34,28123;
-33,89061;
-28,8125;
-28,03123;
-24,51561;
-21,78123;
-24,90623;
-17,09373;
-17,48436;
-21,78123;
-14,74998;
-13,96873;
-10,06248;
-6,937485;
-6,937485;
-8,89061;
-9,671875;
-1,07811;
-4,20311;
0,4843903;
-2,64061;
0,4843903;
2,437515;
7,125015;
2,437515;
-0,6875;
8,29689;
3,60939;
4,781265;
7,125015;
5,17189;
5,562515;
3,60939;
4,000015;
7,51564;
7,906265;
3,60939;
1,656265;
5,95314;
3,218765;
7,125015;
2,437515;
11,03127;
5,95314;
3,60939;
7,125015;
5,562515;
10,64064;
6,343765;
7,125015;
12,98439;
7,125015;
9,85939;
10,64064;
9,07814;
7,51564;
10,25002;
11,42189;
11,42189;
4,781265;
12,20314;
12,59377;
11,42189;
14,93752;
18,84377;
18,84377;
14,15627;
12,59377;
16,89064;
12,59377;
16,50002;
14,93752;
14,15627;
14,93752;
18,45314;
12,98439;
16,10939;
14,93752;
14,54689;
35,64063;
10,64064;
18,45314;
16,89064;
18,84377;
18,06252;
14,93752;
19,23439;
18,45314;
15,32814;
20,40627;
13,37502;
17,28127;
16,50002;
17,67189;
19,62502;
19,23439;
15,71877;
18,84377;
21,96877;
18,45314;
20,40627;
19,62502;
18,45314;
18,45314;
21,57814;
26,26564;
20,79689;
18,45314;
22,35939;
16,89064;
20,01564;
21,57814;
18,06252;
21,18752;
20,40627;
17,28127;
18,84377;
17,28127;
20,01564;
20,40627;
14,93752;
20,79689;
18,84377;
15,32814;
18,84377;
15,32814;
16,10939;
16,89064;
14,15627;
12,59377;
11,03127;
1,656265;
-0,6875;
4,781265;
10,64064;
2,437515;
2,437515;
2,82814;
-3,421875;
-4,98436;
-10,06248;
-17,09373;
-20,21873;
-25,68748;
-35,45311;
-39,35936;
-53,42187;
-56,15624;
-60,45312;
-60,84373;
-56,15624;
-60,06248;
-59,67187;
-58,10936;
-64,75;
-66,31248;
-65,92187;
-65,14062;
-61,62499;
-64,35937;
-63,57811;
-63,96874;
-67,87499;
-62,40624;
-67,09374;
-68,26562;
-66,31248;
-67,09374;
-64,75;
-69,82812;
-67,48437;
-65,53125;
-69,04686;
-69,04686;
-70,21874;
-71,78124;
-70,21874;
-70,21874;
-67,48437;
-69,43749;
-66,70312;
-67,48437;
-70,21874;
-69,43749;
-72,17187;
-69,82812;
-65,53125;
-67,48437;
-70,60937;
-68,26562;
-67,09374;
-64,75;
-67,87499;
-69,43749;
-70,21874;
-69,04686;
-62,79686;
-66,31248;
-65,53125;
-66,70312;
-65,14062;
-62,79686;
-66,31248;
-63,57811;
-61,62499;
-60,06248;
-64,35937;
-65,92187;
-63,96874;
-64,75;
-61,23437;
-61,23437;
-61,62499;
-60,06248;
-59,28125;
-61,62499;
-60,45312;
-60,06248;
-59,28125;
-60,84373;
-58,10936;
-52,64062;
-60,45312;
-58,10936;
-56,15624;
-58,89062;
-58,89062;
-54,98437;
-56,93749;
-54,59373;
-54,59373;
-54,59373;
-51,46874;
-51,46874;
-52,24999;
-52,64062;
-44,43749;
-48,34373;
-48,34373;
-49,51562;
-48,73437;
-46,78124;
-45,60936;
-43,65623;
-44,04687;
-39,35936;
-34,28123;
-33,49998;
-31,15623;
-31,15623;
-24,125;
-24,51561;
-20,99998;
-18,65625;
-13,18748;
-16,70311;
-13,96873;
-9,671875;
-11,23436;
-8,89061;
-5,76561;
-2,64061;
-1,07811;
-3,031235;
2,437515;
0,8750153;
3,60939;
3,218765;
2,437515;
5,95314;
3,218765;
4,000015;
9,07814;
6,73439;
2,437515;
4,781265;
6,343765;
2,82814;
3,60939;
5,17189;
1,656265;
3,60939;
3,218765;
6,343765;
3,60939;
5,95314;
8,29689;
6,343765;
12,59377;
12,20314;
6,73439;
10,64064;
8,29689;
7,906265;
7,51564;
8,687515;
3,60939;
11,81252;
11,42189;
11,42189;
12,59377;
14,93752;
11,81252;
9,468765;
14,93752;
20,79689;
13,76562;
12,98439;
13,76562;
16,10939;
12,98439;
11,42189;
14,93752;
5,17189;
14,54689;
16,50002;
19,62502;
13,76562;
15,71877;
12,59377;
17,67189;
19,62502;
15,71877;
23,14064;
15,71877;
18,45314;
17,28127;
15,71877;
22,35939;
21,18752;
15,71877;
20,40627;
18,06252;
20,79689;
19,62502;
17,28127;
20,40627;
20,79689;
17,28127;
19,23439;
19,23439;
20,79689;
19,23439;
17,28127;
26,26564;
22,35939;
15,32814;
21,57814;
20,79689;
17,67189;
22,35939;
17,28127;
19,62502;
17,67189;
17,28127;
14,54689;
15,32814;
15,71877;
17,28127;
16,10939;
14,15627;
12,20314;
5,17189;
11,81252;
12,20314;
11,42189;
9,07814;
5,562515;
2,437515;
-1,07811;
0,4843903;
-3,812485;
-5,374985;
-10,06248;
-16,70311;
-17,875;
-26,46873;
-31,54686;
-38,96873;
-50,29687;
-50,29687;
-56,93749;
-54,98437;
-56,93749;
-62,01562;
-61,23437;
-57,71874;
-62,79686;
-58,10936;
-62,01562;
-57,71874;
-61,23437;
-63,96874;
-62,40624;
-60,06248;
-66,31248;
-64,35937;
-64,35937;
-69,04686;
-63,57811;
-69,04686;
-67,48437;
-66,31248;
-65,92187;
-66,70312;
-67,09374;
-66,70312;
-69,04686;
-67,87499;
-69,43749;
-69,04686;
-70,21874;
-68,65624;
-71,39062;
-69,82812;
-67,09374;
-69,04686;
-67,87499;
-67,48437;
-70,21874;
-67,87499;
-69,43749;
-68,65624;
-70,60937;
-69,82812;
-69,04686;
-66,70312;
-70,21874;
-69,04686;
-67,48437;
-66,70312;
-63,18749;
-68,26562;
-65,14062;
-65,53125;
-62,40624;
-64,75;
-66,31248;
-62,40624;
-66,70312;
-66,70312;
-63,18749;
-61,62499;
-60,45312;
-60,84373;
-62,40624;
-61,23437;
-60,84373;
-62,40624;
-58,10936;
-59,67187;
-59,67187;
-55,76562;
-58,89062;
-61,23437;
-53,42187;
-54,59373;
-56,15624;
-54,20312;
-59,28125;
-54,59373;
-51,85936;
-53,42187;
-54,98437;
-54,98437;
-53,8125;
-52,64062;
-50,29687;
-51,85936;
-49,90624;
-47,17187;
-49,12498;
-52,64062;
-46,39061;
-47,95312;
-45,99999;
-48,34373;
-40,92186;
-36,62498;
-37,79688;
-36,23436;
-32,32813;
-30,375;
-26,46873;
-28,8125;
-29,20311;
-22,17186;
-18,65625;
-30,375;
-17,48436;
-10,84373;
-12,01561;
-12,40625;
-9,281235;
-6,54686;
-4,593735;
-7,32811;
-2,249985;
-0,2968597;
0,09376526;
0,8750153;
1,26564;
4,000015;
1,26564;
2,437515;
6,343765;
0,09376526;
6,343765;
5,562515;
7,51564;
7,51564;
2,046875;
5,17189;
2,82814;
5,562515;
9,07814;
3,60939;
4,781265;
10,25002;
8,29689;
7,51564;
9,468765;
12,98439;
8,687515;
9,85939;
12,59377;
6,343765;
12,59377;
14,93752;
14,93752;
12,20314;
15,71877;
15,71877;
11,42189;
14,93752;
11,81252;
9,85939;
11,81252;
11,81252;
12,59377;
13,37502;
16,10939;
14,93752;
18,06252;
13,37502;
16,50002;
19,62502;
16,10939;
18,06252;
18,45314;
19,23439;
15,32814;
20,01564;
18,45314;
14,15627;
16,50002;
16,89064;
14,93752;
18,06252;
18,06252;
18,84377;
4,781265;
16,50002;
14,54689;
15,32814;
16,89064;
20,79689;
18,06252;
21,57814;
18,06252;
16,50002;
20,40627;
16,10939;
18,45314;
19,62502;
21,57814;
20,01564;
16,10939;
18,45314;
24,70314;
17,28127;
19,23439;
15,71877;
14,93752;
18,45314;
20,79689;
17,67189;
21,18752;
13,37502;
16,89064;
17,28127;
14,54689;
15,71877;
14,15627;
10,64064;
5,562515;
11,42189;
11,81252;
9,07814;
6,73439;
7,51564;
6,343765;
1,656265;
1,26564;
0,8750153;
-1,468735;
-6,15625;
-8,89061;
-14,35936;
-19,82811;
-24,51561;
-32,71873;
-40,92186;
-49,51562;
-51,46874;
-57,71874;
-60,06248;
-56,54687;
-57,71874;
-58,10936;
-62,79686;
-58,89062;
-60,06248;
-63,57811;
-60,84373;
-64,35937;
-69,04686;
-63,57811;
-66,70312;
-64,35937;
-62,79686;
-63,18749;
-66,31248;
-67,48437;
-63,96874;
-62,01562;
-68,26562;
-69,43749;
-68,26562;
-67,87499;
-64,75;
-67,87499;
-74,12499;
-70,60937;
-72,56249;
-69,43749;
-66,31248;
-72,56249;
-65,92187;
-72,17187;
-68,26562;
-66,31248;
-63,96874;
-65,92187;
-67,87499;
-70,60937;
-68,26562;
-63,96874;
-67,09374;
-68,65624;
-66,70312;
-65,14062;
-63,18749;
-68,26562;
-62,01562;
-69,04686;
-65,53125;
-62,01562;
-66,31248;
-67,48437;
-62,79686;
-67,48437;
-64,75;
-63,96874;
-63,57811;
-60,06248;
-66,70312;
-59,67187;
-62,01562;
-62,40624;
-59,67187;
-58,89062;
-60,06248;
-62,01562;
-63,18749;
-56,93749;
-59,28125;
-58,49999;
-57,71874;
-55,76562;
-57,71874;
-53,03124;
-56,54687;
-56,93749;
-59,67187;
-55,76562;
-56,15624;
-53,03124;
-52,64062;
-53,8125;
-56,54687;
-48,73437;
-47,17187;
-47,17187;
-49,12498;
-49,12498;
-50,29687;
-47,17187;
-45,60936;
-43,26562;
-45,99999;
-39,35936;
-35,0625;
-33,10938;
-35,84375;
-29,59375;
-27,24998;
-27,24998;
-27,64061;
-22,17186;
-18,26561;
-13,57811;
-12,79686;
-12,79686;
-8,89061;
-10,45311;
-5,76561;
-7,718735;
-2,249985;
-2,64061;
-1,85936;
0,4843903;
1,656265;
1,656265;
4,781265;
2,437515;
7,51564;
25,09377;
7,125015;
7,125015;
7,125015;
-1,468735;
9,468765;
4,781265;
7,51564;
10,25002;
4,39064;
4,781265;
4,000015;
9,07814;
21,18752;
7,51564;
8,29689;
10,64064;
7,125015;
8,687515;
9,468765;
5,95314;
7,51564;
8,687515;
11,42189;
11,81252;
12,59377;
14,15627;
7,125015;
9,468765;
4,39064;
7,125015;
9,07814;
7,906265;
6,343765;
9,468765;
10,64064;
12,59377;
12,59377;
14,15627;
16,89064;
16,89064;
14,15627;
13,37502;
13,37502;
13,76562;
15,32814;
14,93752;
15,32814;
15,71877;
15,32814;
16,10939;
12,20314;
13,37502;
14,93752;
17,28127;
18,45314;
17,28127;
19,62502;
18,06252;
16,50002;
17,67189;
16,50002;
21,18752;
20,01564;
18,06252;
20,01564;
14,54689;
18,45314;
19,23439;
21,96877;
20,01564;
20,40627;
16,89064;
25,09377;
16,50002;
17,67189;
16,50002;
14,93752;
15,32814;
17,28127;
14,54689;
15,32814;
18,45314;
14,93752;
16,89064;
14,54689;
11,81252;
13,37502;
14,54689;
13,37502;
15,71877;
11,81252;
12,98439;
9,85939;
14,93752;
8,29689;
10,64064;
10,64064;
24,70314;
5,95314;
0,4843903;
-2,249985;
2,82814;
-2,249985;
-9,281235;
-13,18748;
-20,99998;
-25,68748;
-34,67186;
-42,87498;
-49,12498;
-56,93749;
-56,93749;
-55,76562;
-54,20312;
-59,28125;
-62,01562;
-62,01562;
-59,67187;
-60,06248;
-63,18749;
-63,18749;
-64,35937;
-64,35937;
-61,62499;
-64,75;
-61,62499;
-62,79686;
-62,79686;
-61,62499;
-65,92187;
-68,26562;
-66,31248;
-67,87499;
-66,31248;
-68,26562;
-63,57811;
-69,43749;
-67,09374;
-66,70312;
-68,26562;
-71,78124;
-65,53125;
-69,43749;
-69,43749;
-71,0;
-70,60937;
-66,31248;
-69,82812;
-72,56249;
-68,26562;
-72,95312;
-71,78124;
-67,87499;
-67,48437;
-67,48437;
-68,26562;
-65,92187;
-67,48437;
-67,09374;
-68,65624;
-68,65624;
-65,53125;
-65,53125;
-67,09374;
-68,26562;
-66,31248;
-64,35937;
-66,31248;
-64,35937;
-67,09374;
-59,28125;
-62,40624;
-60,45312;
-63,18749;
-63,18749;
-64,35937;
-62,01562;
-60,06248;
-55,37499;
-57,32811;
-57,71874;
-60,84373;
-59,28125;
-56,54687;
-58,10936;
-62,79686;
-55,37499;
-56,15624;
-59,28125;
-54,20312;
-56,15624;
-51,46874;
-52,64062;
-54,98437;
-52,64062;
-54,20312;
-54,98437;
-49,90624;
-52,64062;
-52,24999;
-48,34373;
-50,29687;
-45,99999;
-48,34373;
-42,48437;
-42,48437;
-42,09375;
-38,57813;
-37,01561;
-36,23436;
-34,28123;
-28,8125;
-31,54686;
-28,42186;
-29,20311;
-18,65625;
-20,99998;
-19,04686;
-14,74998;
-17,48436;
-14,74998;
-11,62498;
-13,57811;
-5,76561;
-4,593735;
-4,20311;
-2,64061;
0,8750153;
0,8750153;
0,8750153;
1,26564;
2,046875;
3,218765;
2,82814;
7,125015;
3,218765;
6,73439;
5,17189;
4,781265;
2,82814;
-4,20311;
8,29689;
1,656265;
1,656265;
3,60939;
2,437515;
4,781265;
6,73439;
6,343765;
10,25002;
10,64064;
3,60939;
8,687515;
9,85939;
5,95314;
9,07814;
11,42189;
7,906265;
11,81252;
8,29689;
9,85939;
7,51564;
8,687515;
11,81252;
11,03127;
10,25002;
11,81252;
12,59377;
14,15627;
13,76562;
13,76562;
13,37502;
12,98439;
12,20314;
15,32814;
14,93752;
16,50002;
12,20314;
12,59377;
17,67189;
13,37502;
8,29689;
9,07814;
13,37502;
18,06252;
14,54689;
14,93752;
16,50002;
14,54689;
19,23439;
18,84377;
15,32814;
20,01564;
16,10939;
13,76562;
16,89064;
16,50002;
15,71877;
18,45314;
17,28127;
16,50002;
20,79689;
20,79689;
18,84377;
16,10939;
16,89064;
20,01564;
16,89064;
20,40627;
18,45314;
20,01564;
20,79689;
15,32814;
16,89064;
18,84377;
14,54689;
21,57814;
19,23439;
14,54689;
15,71877;
14,54689;
18,45314;
14,15627;
12,98439;
12,98439;
16,50002;
7,906265;
10,64064;
9,85939;
8,29689;
5,17189;
3,60939;
4,39064;
3,60939;
-1,468735;
-2,249985;
-5,374985;
-6,54686;
-14,74998;
-23,73436;
-24,90623;
-37,01561;
-39,35936;
-42,09375;
-53,42187;
-57,32811;
-58,89062;
-57,71874;
-62,01562;
-60,84373;
-58,10936;
-59,28125;
-62,40624;
-64,75;
-61,62499;
-64,75;
-63,96874;
-64,75;
-66,70312;
-60,06248;
-63,18749;
-64,35937;
-60,45312;
-66,70312;
-63,96874;
-70,21874;
-70,60937;
-69,82812;
-66,70312;
-67,87499;
-67,48437;
-69,82812;
-69,43749;
-70,60937;
-71,0;
-66,70312;
-70,21874;
-67,09374;
-67,09374;
-67,87499;
-67,48437;
-71,78124;
-69,43749;
-70,21874;
-68,26562;
-67,09374;
-67,87499;
-68,26562;
-64,35937;
-66,31248;
-69,82812;
-65,53125;
-64,75;
-65,53125;
-69,43749;
-63,96874;
-63,96874;
-64,75;
-64,35937;
-63,96874;
-65,14062;
-65,53125;
-63,96874;
-60,84373;
-57,32811;
-63,57811;
-64,35937;
-61,23437;
-61,23437;
-60,06248;
-62,79686;
-61,62499;
-57,32811;
-57,71874;
-57,71874;
-57,32811;
-57,71874;
-57,32811;
-56,15624;
-60,06248;
-53,42187;
-56,54687;
-56,15624;
-56,54687;
-54,59373;
-53,8125;
-56,54687;
-52,64062;
-53,03124;
-54,98437;
-52,64062;
-51,85936;
-53,03124;
-47,95312;
-49,90624;
-46,39061;
-49,12498;
-49,12498;
-47,17187;
-43,65623;
-46,39061;
-41,31249;
-40,53125;
-33,89061;
-37,40623;
-33,10938;
-31,93748;
-23,34375;
-25,29686;
-24,125;
-25,29686;
-20,21873;
-18,26561;
-16,70311;
-16,31248;
-13,57811;
-15,53123;
-8,10936;
-10,06248;
-7,32811;
-3,031235;
-5,374985;
-0,2968597;
-5,374985;
-1,07811;
1,656265;
2,046875;
5,562515;
5,95314;
4,000015;
2,82814;
4,781265;
4,000015;
6,73439;
6,73439;
6,343765;
4,000015;
8,29689;
7,906265;
8,687515;
4,781265;
10,64064;
7,906265;
7,125015;
10,25002;
7,906265;
9,85939;
8,687515;
8,29689;
9,85939;
4,781265;
8,29689;
15,71877;
11,81252;
11,42189;
12,20314;
8,687515;
10,64064;
9,85939;
6,73439;
9,07814;
10,64064;
11,81252;
10,64064;
13,76562;
9,07814;
13,37502;
16,10939;
15,32814;
9,85939;
14,93752;
12,59377;
16,10939;
16,50002;
14,54689;
20,79689;
17,67189;
15,32814;
15,32814;
14,54689;
15,32814;
19,23439;
14,54689;
17,28127;
18,06252;
17,28127;
16,10939;
14,15627;
16,89064;
17,67189;
18,84377;
16,10939;
21,18752;
21,57814;
20,79689;
17,67189;
20,01564;
18,84377;
16,89064;
21,96877;
21,57814;
19,62502;
18,45314;
21,18752;
17,67189;
19,23439;
16,89064;
18,84377;
17,28127;
27,04691;
18,84377;
12,59377;
21,18752;
18,45314;
14,93752;
15,71877;
14,54689;
16,89064;
17,28127;
14,15627;
14,54689;
12,20314;
7,906265;
9,85939;
8,29689;
6,343765;
2,046875;
0,09376526;
-1,85936;
-3,031235;
-1,07811;
-7,32811;
-11,62498;
-18,65625;
-24,125;
-27,64061;
-35,0625;
-38,18748;
-47,95312;
-50,68749;
-53,8125;
-59,28125;
-57,32811;
-60,06248;
-59,28125;
-58,89062;
-60,45312;
-61,62499;
-65,92187;
-64,75;
-57,71874;
-64,35937;
-63,18749;
-66,31248;
-61,23437;
-67,09374;
-62,40624;
-60,45312;
-62,79686;
-63,57811;
-70,60937;
-66,70312;
-69,82812;
-64,35937;
-68,26562;
-68,26562;
-68,65624;
-69,04686;
-67,09374;
-68,26562;
-71,0;
-67,09374;
-71,0;
-63,96874;
-65,53125;
-70,21874;
-69,82812;
-69,43749;
-65,92187;
-66,31248;
-69,82812;
-67,87499;
-64,35937;
-66,70312;
-68,26562;
-67,48437;
-63,57811;
-63,57811;
-63,57811;
-63,96874;
-63,57811;
-67,48437;
-63,57811;
-66,70312;
-62,01562;
-63,96874;
-63,96874;
-62,79686;
-65,14062;
-63,96874;
-58,89062;
-63,96874;
-60,84373;
-59,28125;
-60,84373;
-57,32811;
-58,49999;
-63,18749;
-58,89062;
-63,18749;
-59,28125;
-57,32811;
-53,8125;
-54,59373;
-49,90624;
-56,54687;
-57,71874;
-53,8125;
-54,20312;
-52,64062;
-52,24999;
-52,64062;
-55,76562;
-51,46874;
-47,56249;
-49,90624;
-49,90624;
-49,90624;
-47,95312;
-44,82812;
-47,95312;
-46,39061;
-46,39061;
-46,39061;
-39,35936;
-36,23436;
-38,96873;
-38,57813;
-36,62498;
-35,0625;
-30,76561;
-31,15623;
-28,8125;
-25,68748;
-20,60938;
-22,17186;
-13,57811;
-28,03123;
-15,92186;
-11,23436;
-15,14063;
-3,812485;
-6,937485;
-5,374985;
-2,249985;
-4,98436;
-1,07811;
-4,98436;
-2,249985;
2,82814;
0,8750153;
2,046875;
6,73439;
7,51564;
2,82814;
4,39064;
6,343765;
7,906265;
7,906265;
6,73439;
10,25002;
8,687515;
6,343765;
9,85939;
4,781265;
8,29689;
7,906265;
9,468765;
11,42189;
7,906265;
8,687515;
9,07814;
13,76562;
7,51564;
12,20314;
6,343765;
9,07814;
3,60939;
10,25002;
9,07814;
12,20314;
12,20314;
14,15627;
12,59377;
12,59377;
10,64064;
9,85939;
11,03127;
12,98439;
12,98439;
12,98439;
13,37502;
19,23439;
17,28127;
14,54689;
17,67189;
14,54689;
14,54689;
15,32814;
16,10939;
15,71877;
18,84377;
17,67189;
18,84377;
14,15627;
15,32814;
18,84377;
12,98439;
15,32814;
17,67189;
16,89064;
14,54689;
17,28127;
14,93752;
15,71877;
14,15627;
18,45314;
19,62502;
14,15627;
18,06252;
15,71877;
21,96877;
17,28127;
15,32814;
16,89064;
16,89064;
18,84377;
11,81252;
14,15627;
18,84377;
20,01564;
15,32814;
15,71877;
20,79689;
16,10939;
16,89064;
9,468765;
18,06252;
17,28127;
14,93752;
13,76562;
13,37502;
14,15627;
11,42189;
11,42189;
9,85939;
7,906265;
8,29689;
13,37502;
2,82814;
0,4843903;
1,26564;
-2,249985;
-0,6875;
-6,937485;
-17,09373;
-23,34375;
-28,8125;
-33,10938;
-38,18748;
-48,73437;
-54,20312;
-56,15624;
-54,98437;
-56,54687;
-58,89062;
-58,89062;
-58,49999;
-65,14062;
-62,79686;
-62,40624;
-64,35937;
-64,75;
-62,01562;
-62,01562;
-61,62499;
-65,53125;
-62,40624;
-64,35937;
-63,18749;
-65,14062;
-67,09374;
-68,65624;
-65,14062;
-67,87499;
-68,65624;
-69,82812;
-68,26562;
-67,09374;
-70,21874;
-70,21874;
-67,87499;
-71,0;
-67,48437;
-63,96874;
-71,39062;
-68,26562;
-70,21874;
-66,70312;
-70,60937;
-69,04686;
-65,14062;
-63,96874;
-66,70312;
-67,87499;
-68,26562;
-68,26562;
-68,26562;
-66,70312;
-65,14062;
-64,35937;
-64,75;
-61,62499;
-65,53125;
-64,35937;
-62,01562;
-64,35937;
-61,62499;
-65,14062;
-61,62499;
-63,18749;
-63,96874;
-60,06248;
-60,45312;
-63,18749;
-60,45312;
-62,79686;
-58,49999;
-61,62499;
-60,06248;
-62,01562;
-53,42187;
-55,76562;
-58,10936;
-59,28125;
-59,67187;
-56,15624;
-53,03124;
-55,76562;
-52,64062;
-58,89062;
-52,24999;
-56,93749;
-54,98437;
-52,24999;
-54,98437;
-51,07811;
-49,12498;
-52,64062;
-49,12498;
-46,78124;
-50,29687;
-43,26562;
-47,95312;
-46,39061;
-47,17187;
-44,82812;
-42,87498;
-39,74998;
-41,70312;
-29,98436;
-31,54686;
-35,0625;
-27,64061;
-24,90623;
-22,56248;
-27,24998;
-19,43748;
-19,43748;
-11,62498;
-16,31248;
-13,18748;
-17,09373;
-10,06248;
-10,06248;
5,95314;
-3,031235;
-3,421875;
-2,64061;
0,09376526;
-3,031235;
2,82814;
-1,468735;
2,437515;
5,562515;
2,046875;
4,000015;
4,39064;
9,07814;
9,07814;
0,09376526;
5,17189;
21,96877;
7,906265;
9,468765;
5,562515;
6,343765;
4,781265;
3,218765;
8,687515;
10,64064;
10,25002;
11,42189;
10,25002;
8,29689;
11,81252;
6,343765;
6,343765;
10,25002;
11,42189;
11,42189;
9,85939;
13,76562;
11,42189;
9,07814;
10,25002;
12,98439;
9,85939;
11,81252;
7,906265;
16,10939;
13,37502;
10,25002;
11,03127;
11,42189;
12,98439;
14,93752;
9,468765;
12,59377;
17,28127;
15,32814;
12,98439;
18,45314;
16,50002;
17,28127;
13,37502;
17,28127;
21,18752;
17,28127;
17,28127;
14,93752;
19,23439;
12,20314;
17,28127;
14,54689;
17,28127;
15,32814;
18,84377;
17,28127;
17,28127;
18,84377;
14,15627;
18,45314;
19,62502;
14,93752;
18,84377;
19,23439;
21,96877;
19,23439;
20,01564;
17,67189;
22,75002;
16,89064;
20,40627;
18,84377;
21,57814;
16,89064;
19,62502;
17,67189;
20,79689;
9,85939;
15,71877;
20,01564;
11,42189;
17,67189;
12,20314;
10,64064;
9,468765;
11,42189;
11,42189;
9,468765;
5,95314;
6,343765;
4,781265;
-0,6875;
3,218765;
-4,593735;
1,26564;
-6,937485;
-6,54686;
-12,01561;
-15,14063;
-25,68748;
-33,10938;
-43,26562;
-49,90624;
-54,59373;
-54,59373;
-58,10936;
-59,28125;
-59,67187;
-59,67187;
-62,79686;
-61,62499;
-63,57811;
-62,79686;
-63,18749;
-62,01562;
-63,96874;
-64,35937;
-65,53125;
-61,23437;
-68,26562;
-66,70312;
-61,62499;
-70,21874;
-63,96874;
-66,31248;
-65,14062;
-65,53125;
-68,65624;
-63,96874;
-65,14062;
-68,65624;
-62,79686;
-68,26562;
-66,70312;
-66,31248;
-64,35937;
-65,53125;
-65,53125;
-69,43749;
-64,35937;
-65,92187;
-67,87499;
-62,40624;
-67,87499;
-65,14062;
-65,53125;
-67,48437;
-62,79686;
-67,87499;
-60,84373;
-64,75;
-70,21874;
-63,96874;
-67,09374;
-64,75;
-64,35937;
-64,35937;
-63,57811;
-62,79686;
-67,09374;
-61,62499;
-64,35937;
-61,23437;
-58,49999;
-60,45312;
-63,96874;
-62,01562;
-62,79686;
-59,28125;
-53,8125;
-61,62499;
-58,89062;
-56,54687;
-58,89062;
-54,59373;
-56,54687;
-56,54687;
-53,42187;
-50,29687;
-53,03124;
-57,32811;
-55,76562;
-53,42187;
-51,46874;
-52,24999;
-51,07811;
-51,07811;
-50,29687;
-53,8125;
-53,42187;
-49,90624;
-49,12498;
-49,90624;
-46,78124;
-50,29687;
-42,48437;
-48,73437;
-40,53125;
-41,70312;
-40,92186;
-38,57813;
-34,28123;
-34,67186;
-29,98436;
-27,24998;
-23,34375;
-20,99998;
-19,43748;
-15,14063;
-14,35936;
-16,70311;
-13,18748;
-12,01561;
-12,40625;
-6,937485;
-12,79686;
-4,20311;
-1,85936;
-2,64061;
2,046875;
-3,031235;
-0,2968597;
2,437515;
2,437515;
3,60939;
5,17189;
4,000015;
1,656265;
4,781265;
4,000015;
4,000015;
4,781265;
9,468765;
4,39064;
6,343765;
6,73439;
10,25002;
11,03127;
9,07814;
6,343765;
5,95314;
7,906265;
5,17189;
9,468765;
12,20314;
7,906265;
9,07814;
12,20314;
11,03127;
7,906265;
9,07814;
10,25002;
11,81252;
6,343765;
9,468765;
12,59377;
9,07814;
8,29689;
12,98439;
8,687515;
6,343765;
11,03127;
11,03127;
12,59377;
12,98439;
18,06252;
12,59377;
13,76562;
13,37502;
17,67189;
18,45314;
16,50002;
18,06252;
13,37502;
16,10939;
18,06252;
16,10939;
21,18752;
14,54689;
15,71877;
20,01564;
14,54689;
10,64064;
17,28127;
16,50002;
20,01564;
17,28127;
13,37502;
16,89064;
14,93752;
15,32814;
15,32814;
14,54689;
19,23439;
17,67189;
18,45314;
17,28127;
17,28127;
19,23439;
22,75002;
22,35939;
17,67189;
20,40627;
8,29689;
17,28127;
17,28127;
16,10939;
19,62502;
16,50002;
20,01564;
18,45314;
5,95314;
18,06252;
9,85939;
15,32814;
17,67189;
9,468765;
11,42189;
11,03127;
8,29689;
8,29689;
4,781265;
6,343765;
5,95314;
2,437515;
2,046875;
0,09376526;
9,07814;
-6,54686;
-9,281235;
-9,671875;
-20,99998;
-26,07813;
-30,375;
-37,40623;
-49,90624;
-49,12498;
-58,10936;
-55,76562;
-58,10936;
-57,71874;
-58,49999;
-61,62499;
-60,84373;
-63,57811;
-58,10936;
-62,79686;
-66,31248;
-62,40624;
-61,62499;
-65,14062;
-65,92187;
-62,01562;
-63,18749;
-62,79686;
-65,14062;
-64,35937;
-65,14062;
-67,09374;
-65,92187;
-67,87499;
-64,75;
-66,31248;
-71,78124;
-68,26562;
-68,26562;
-68,26562;
-66,31248;
-68,26562;
-69,43749;
-65,53125;
-68,26562;
-65,92187;
-69,82812;
-65,92187;
-63,96874;
-67,48437;
-67,09374;
-66,70312;
-62,01562;
-69,04686;
-67,09374;
-67,09374;
-65,14062;
-65,53125;
-66,70312;
-63,57811;
-66,31248;
-68,26562;
-66,70312;
-63,57811;
-65,92187;
-61,23437;
-62,01562;
-63,57811;
-65,92187;
-62,40624;
-61,62499;
-64,75;
-62,40624;
-60,06248;
-58,89062;
-58,10936;
-60,06248;
-58,10936;
-60,06248;
-58,49999;
-61,23437;
-58,49999;
-59,67187;
-55,76562;
-57,71874;
-57,71874;
-50,29687;
-50,29687;
-53,42187;
-53,8125;
-50,29687;
-53,8125;
-54,59373;
-51,85936;
-51,85936;
-53,03124;
-50,29687;
-49,12498;
-48,73437;
-49,12498;
-46,78124;
-47,95312;
-44,43749;
-47,56249;
-39,74998;
-38,57813;
-38,18748;
-31,93748;
-33,49998;
-27,24998;
-26,46873;
-29,59375;
-22,17186;
-24,51561;
-22,95311;
-15,53123;
-19,43748;
-11,62498;
-13,18748;
-11,23436;
-10,06248;
-7,32811;
-4,20311;
-1,85936;
-1,07811;
-2,64061;
-0,2968597;
-1,468735;
0,8750153;
4,39064;
1,26564;
4,781265;
5,95314;
4,781265;
5,17189;
5,95314;
11,03127;
3,218765;
5,95314;
9,468765;
9,85939;
8,687515;
5,562515;
3,218765;
6,73439;
7,51564;
12,20314;
6,73439;
5,562515;
4,39064;
5,562515;
9,07814;
9,468765;
10,64064;
8,687515;
10,64064;
5,95314;
8,29689;
11,42189;
10,25002;
12,20314;
11,42189;
16,10939;
11,03127;
7,125015;
4,000015;
7,125015;
9,468765;
12,59377;
12,98439;
12,59377;
18,45314;
12,98439;
14,54689;
13,76562;
14,93752;
15,71877;
10,25002;
15,32814;
14,93752;
17,28127;
17,28127;
14,93752;
16,50002;
15,32814;
21,96877;
15,32814;
17,28127;
12,59377;
15,71877;
14,15627;
18,84377;
18,84377;
16,50002;
15,32814;
18,06252;
14,93752;
18,06252;
14,93752;
18,45314;
18,84377;
19,23439;
20,01564;
16,10939;
14,93752;
32,90627;
17,28127;
17,28127;
20,79689;
16,89064;
17,67189;
16,50002;
13,76562;
13,37502;
18,06252;
16,89064;
17,28127;
10,25002;
12,59377;
12,20314;
9,85939;
7,51564;
10,64064;
10,25002;
10,64064;
9,85939;
11,81252;
6,73439;
5,17189;
4,39064;
6,73439;
-1,07811;
2,046875;
-1,85936;
-4,98436;
-6,15625;
-12,79686;
-12,01561;
-26,46873;
-29,59375;
-39,35936;
-47,56249;
-51,07811;
-57,32811;
-55,37499;
-56,93749;
-61,23437;
-59,67187;
-55,76562;
-58,89062;
-60,84373;
-66,31248;
-57,71874;
-60,84373;
-66,31248;
-61,62499;
-61,23437;
-63,96874;
-62,01562;
-69,04686;
-63,96874;
-67,09374;
-66,31248;
-63,96874;
-64,75;
-69,04686;
-67,09374;
-66,31248;
-67,48437;
-67,09374;
-61,62499;
-68,26562;
-68,26562;
-67,48437;
-67,09374;
-69,43749;
-65,92187;
-66,70312;
-69,04686;
-68,65624;
-65,92187;
-69,04686;
-64,35937;
-66,31248;
-66,70312;
-63,96874;
-62,79686;
-60,84373;
-70,21874;
-68,26562;
-63,18749;
-65,53125;
-65,53125;
-63,18749;
-65,53125;
-60,84373;
-65,14062;
-63,96874;
-62,01562;
-62,79686;
-62,79686;
-62,79686;
-63,96874;
-58,10936;
-62,79686;
-60,06248;
-62,40624;
-59,28125;
-61,62499;
-55,37499;
-57,71874;
-59,67187;
-60,45312;
-56,54687;
-56,54687;
-56,93749;
-60,45312;
-58,49999;
-56,93749;
-55,37499;
-55,76562;
-54,98437;
-54,20312;
-52,64062;
-47,95312;
-51,46874;
-51,07811;
-50,68749;
-51,46874;
-50,68749;
-50,68749;
-49,12498;
-46,39061;
-45,99999;
-46,39061;
-47,56249;
-46,78124;
-44,04687;
-40,92186;
-40,14061;
-33,49998;
-32,32813;
-33,49998;
-28,42186;
-29,98436;
-22,95311;
-27,24998;
-23,34375;
-19,43748;
-17,09373;
-16,70311;
-14,74998;
-15,53123;
-9,671875;
-8,10936;
-8,89061;
-4,98436;
-5,76561;
-3,031235;
-2,249985;
-2,249985;
15,71877;
0,09376526;
0,4843903;
-0,2968597;
0,09376526;
1,26564;
4,781265;
4,000015;
8,687515;
29,39064;
3,218765;
9,468765;
4,000015;
3,60939;
1,656265;
4,000015;
10,64064;
6,343765;
5,95314;
7,125015;
7,906265;
5,17189;
7,125015;
9,85939;
5,17189;
7,51564;
7,125015;
7,125015;
9,85939;
10,25002;
4,781265;
9,468765;
11,03127;
10,64064;
11,42189;
12,59377;
12,98439;
12,98439;
11,42189;
12,20314;
18,06252;
14,54689;
11,03127;
9,85939;
12,98439;
15,71877;
5,95314;
14,93752;
13,76562;
12,98439;
13,76562;
18,84377;
12,98439;
14,54689;
15,71877;
17,67189;
19,23439;
15,71877;
13,37502;
16,50002;
18,45314;
19,62502;
17,28127;
14,93752;
16,89064;
16,89064;
11,81252;
18,84377;
13,37502;
16,89064;
16,50002;
12,20314;
16,89064;
12,59377;
22,35939;
15,32814;
16,50002;
16,50002;
14,15627;
16,10939;
16,10939;
13,76562;
16,89064;
17,67189;
16,50002;
19,23439;
17,67189;
18,45314;
16,10939;
18,06252;
14,54689;
14,54689;
12,20314;
16,50002;
13,76562;
15,71877;
11,81252;
10,64064;
12,98439;
3,218765;
7,51564;
5,95314;
5,17189;
6,343765;
4,39064;
2,437515;
-1,07811;
-6,937485;
-14,35936;
-14,35936;
-20,99998;
-31,15623;
-36,23436;
-45,21874;
-50,29687;
-56,15624;
-54,98437;
-54,59373;
-58,49999;
-58,89062;
-60,06248;
-59,28125;
-58,49999;
-63,96874;
-61,62499;
-59,28125;
-62,79686;
-63,96874;
-63,57811;
-64,75;
-64,75;
-66,70312;
-65,53125;
-63,18749;
-67,48437;
-62,40624;
-65,53125;
-65,14062;
-66,70312;
-68,26562;
-66,70312;
-65,53125;
-65,14062;
-68,65624;
-69,82812;
-64,75;
-69,43749;
-70,60937;
-63,18749;
-70,60937;
-65,53125;
-67,09374;
-70,21874;
-65,14062;
-69,04686;
-73,34374;
-67,09374;
-66,31248;
-62,01562;
-65,92187;
-69,04686;
-62,79686;
-67,09374;
-67,48437;
-64,35937;
-62,79686;
-63,57811;
-63,18749;
-64,35937;
-62,40624;
-66,31248;
-64,75;
-63,57811;
-56,93749;
-60,84373;
-61,62499;
-58,49999;
-57,71874;
-62,79686;
-62,01562;
-60,84373;
-60,45312;
-58,49999;
-59,28125;
-58,49999;
-54,98437;
-57,32811;
-56,15624;
-57,32811;
-57,71874;
-53,42187;
-54,20312;
-53,42187;
-54,59373;
-50,68749;
-52,24999;
-46,39061;
-57,71874;
-53,8125;
-52,24999;
-50,29687;
-50,29687;
-45,60936;
-50,29687;
-47,56249;
-50,68749;
-46,78124;
-47,56249;
-45,60936;
-40,14061;
-42,09375;
-35,84375;
-38,57813;
-36,62498;
-35,0625;
-28,8125;
-27,64061;
-21,78123;
-17,48436;
-22,56248;
-19,82811;
-18,65625;
-17,48436;
-14,35936;
-10,06248;
-10,84373;
-7,718735;
-7,32811;
-1,85936;
-5,76561;
-3,031235;
-3,421875;
0,4843903;
-1,468735;
2,046875;
2,046875;
-0,2968597;
0,09376526;
6,343765;
5,17189;
5,562515;
3,60939;
4,39064;
7,51564;
8,687515;
5,562515;
5,562515;
6,73439;
5,95314;
7,51564;
6,343765;
7,906265;
7,906265;
5,562515;
9,07814;
7,51564;
7,51564;
3,218765;
7,125015;
6,73439;
9,85939;
10,25002;
11,81252;
9,468765;
7,125015;
12,59377;
12,20314;
13,76562;
10,64064;
10,64064;
12,98439;
13,37502;
15,32814;
12,20314;
12,59377;
11,42189;
11,42189;
14,54689;
15,71877;
11,81252;
12,59377;
12,98439;
12,20314;
14,93752;
14,15627;
13,37502;
15,32814;
14,15627;
9,85939;
14,54689;
14,54689;
15,32814;
12,20314;
13,37502;
14,93752;
14,93752;
16,10939;
18,84377;
16,50002;
17,67189;
13,76562;
12,98439;
18,06252;
15,71877;
18,06252;
15,32814;
13,76562;
20,40627;
14,93752;
12,98439;
16,10939;
12,20314;
12,59377;
18,06252;
18,45314;
17,67189;
15,32814;
12,20314;
19,23439;
16,10939;
16,89064;
18,06252;
12,98439;
14,15627;
15,32814;
12,59377;
14,93752;
10,25002;
14,54689;
15,71877;
13,76562;
10,64064;
11,42189;
9,85939;
7,125015;
10,25002;
-0,6875;
-0,2968597;
-3,812485;
-5,374985;
-8,10936;
-14,74998;
-14,74998;
-27,64061;
-27,64061;
-37,79688;
-46,78124;
-53,03124;
-58,10936;
-55,76562;
-54,98437;
-57,71874;
-54,59373;
-60,06248;
-60,06248;
-60,45312;
-61,62499;
-58,49999;
-62,40624;
-63,18749;
-64,35937;
-62,79686;
-65,53125;
-63,18749;
-62,01562;
-67,48437;
-64,75;
-67,48437;
-63,18749;
-65,14062;
-66,31248;
-68,26562;
-68,26562;
-63,96874;
-68,26562;
-65,53125;
-71,39062;
-65,53125;
-58,89062;
-67,09374;
-64,75;
-68,65624;
-69,43749;
-67,48437;
-65,14062;
-65,92187;
-67,87499;
-65,14062;
-68,65624;
-68,26562;
-63,96874;
-69,82812;
-64,75;
-67,09374;
-67,87499;
-62,01562;
-67,09374;
-64,75;
-63,96874;
-67,09374;
-62,79686;
-62,79686;
-60,84373;
-63,57811;
-66,70312;
-62,01562;
-61,62499;
-65,53125;
-61,62499;
-61,23437;
-58,49999;
-56,54687;
-58,89062;
-60,06248;
-61,23437;
-62,40624;
-60,45312;
-58,10936;
-58,89062;
-57,32811;
-58,89062;
-55,76562;
-53,8125;
-57,71874;
-51,07811;
-58,10936;
-54,20312;
-54,98437;
-53,8125;
-53,03124;
-53,8125;
-55,37499;
-53,8125;
-52,64062;
-50,29687;
-51,07811;
-49,12498;
-46,78124;
-50,29687;
-49,90624;
-45,60936;
-48,73437;
-44,43749;
-41,70312;
-40,53125;
-35,45311;
-35,84375;
-29,59375;
-31,54686;
-30,76561;
-28,8125;
-25,29686;
-22,95311;
-22,17186;
-15,53123;
-21,39063;
-13,96873;
-17,48436;
-13,18748;
-20,60938;
-9,671875;
-5,76561;
-5,374985;
-4,593735;
0,8750153;
-1,85936;
-2,64061;
4,000015;
-0,2968597;
2,046875;
5,17189;
0,8750153;
7,51564;
5,562515;
4,781265;
5,562515;
4,781265;
6,343765;
7,125015;
7,51564;
5,95314;
3,60939;
7,906265;
5,562515;
2,82814;
5,562515;
9,07814;
7,125015;
7,51564;
4,39064;
5,17189;
12,20314;
7,51564;
7,125015;
6,343765;
7,906265;
6,73439;
7,51564;
10,25002;
15,32814;
9,85939;
10,64064;
10,25002;
11,81252;
11,81252;
13,76562;
11,42189;
12,20314;
15,32814;
13,76562;
12,98439;
16,50002;
16,50002;
13,76562;
15,32814;
14,15627;
12,59377;
22,75002;
16,50002;
15,71877;
13,37502;
10,25002;
16,50002;
14,54689;
17,67189;
17,28127;
12,59377;
16,89064;
13,76562;
12,59377;
17,67189;
19,62502;
12,20314;
16,50002;
16,10939;
14,93752;
14,54689;
11,42189;
11,42189;
16,10939;
14,93752;
17,28127;
13,37502;
11,03127;
15,71877;
19,62502;
21,96877;
17,67189;
18,84377;
15,32814;
16,50002;
15,32814;
21,57814;
15,71877;
15,71877;
10,64064;
16,10939;
18,45314;
14,93752;
16,10939;
18,06252;
11,03127;
12,59377;
7,125015;
34,85939;
6,343765;
9,07814;
11,81252;
5,17189;
0,4843903;
2,437515;
-1,85936;
-0,6875;
-8,10936;
-8,89061;
-13,57811;
-19,82811;
-27,64061;
-35,0625;
-38,96873;
-47,95312;
-53,42187;
-54,59373;
-50,68749;
-55,37499;
-55,37499;
-58,49999;
-62,01562;
-52,64062;
-60,84373;
-58,49999;
-63,96874;
-64,35937;
-60,45312;
-63,18749;
-65,14062;
-63,18749;
-67,48437;
-62,79686;
-63,96874;
-66,70312;
-63,57811;
-64,75;
-63,96874;
-64,75;
-63,57811;
-66,70312;
-67,87499;
-68,26562;
-66,31248;
-68,65624;
-66,70312;
-67,48437;
-67,87499;
-69,04686;
-66,70312;
-65,14062;
-61,62499;
-69,04686;
-69,43749;
-65,53125;
-65,14062;
-63,18749;
-67,87499;
-67,09374;
-69,04686;
-66,31248;
-64,75;
-63,57811;
-63,57811;
-69,04686;
-60,84373;
-66,70312;
-65,53125;
-59,28125;
-62,79686;
-65,53125;
-65,53125;
-61,62499;
-62,79686;
-62,01562;
-63,18749;
-56,54687;
-61,62499;
-63,57811;
-58,49999;
-58,10936;
-53,42187;
-58,89062;
-58,49999;
-54,98437;
-60,06248;
-58,49999;
-60,45312;
-59,28125;
-54,98437;
-54,59373;
-54,98437;
-54,59373;
-54,20312;
-53,8125;
-53,42187;
-49,12498;
-54,20312;
-54,20312;
-50,29687;
-48,73437;
-50,68749;
-48,73437;
-49,51562;
-48,34373;
-49,51562;
-49,90624;
-44,43749;
-44,43749;
-44,43749;
-42,87498;
-40,14061;
-38,96873;
-32,71873;
-37,79688;
-27,64061;
-33,49998;
-27,64061;
-24,90623;
-21,78123;
-22,17186;
-16,31248;
-18,26561;
-12,01561;
-14,35936;
-16,31248;
-6,937485;
-9,281235;
-7,718735;
0,4843903;
-4,98436;
5,17189;
3,60939;
-1,468735;
2,437515;
-1,07811;
1,26564;
6,343765;
-0,2968597;
3,218765;
5,562515;
1,656265;
6,73439;
5,95314;
3,60939;
3,60939;
5,562515;
5,95314;
4,000015;
9,07814;
6,343765;
-0,2968597;
10,64064;
6,343765;
7,51564;
4,781265;
5,17189;
8,29689;
11,81252;
10,25002;
8,29689;
4,781265;
8,29689;
-1,468735;
9,468765;
10,64064;
11,03127;
8,687515;
5,17189;
12,98439;
11,03127;
11,42189;
8,687515;
9,468765;
14,54689;
11,42189;
10,64064;
9,468765;
11,81252;
15,32814;
13,37502;
12,20314;
10,64064;
12,59377;
18,45314;
12,20314;
11,42189;
8,687515;
11,03127;
15,32814;
19,62502;
12,98439;
17,67189;
16,50002;
13,37502;
16,50002;
13,37502;
13,76562;
6,343765;
15,71877;
16,10939;
17,28127;
14,93752;
13,37502;
14,93752;
12,20314;
23,92189;
16,50002;
14,93752;
17,67189;
16,10939;
19,62502;
16,50002;
16,10939;
16,50002;
17,28127;
15,32814;
13,37502;
15,71877;
16,10939;
12,20314;
16,50002;
13,76562;
14,54689;
12,59377;
16,10939;
32,90627;
14,54689;
11,42189;
11,03127;
7,906265;
10,64064;
7,125015;
10,64064;
8,29689;
4,781265;
0,09376526;
3,218765;
0,09376526;
-1,85936;
-1,07811;
-7,718735;
-13,96873;
-16,31248;
-23,73436;
-24,51561;
-38,18748;
-45,99999;
-45,21874;
-58,10936;
-56,15624;
-57,32811;
-54,20312;
-58,49999;
-60,06248;
-60,45312;
-61,23437;
-62,01562;
-60,45312;
-60,84373;
-62,79686;
-65,14062;
-63,96874;
-65,14062;
-62,40624;
-66,70312;
-68,26562;
-67,09374;
-68,26562;
-63,18749;
-63,96874;
-64,35937;
-67,87499;
-67,48437;
-66,70312;
-68,65624;
-67,09374;
-68,26562;
-67,48437;
-65,92187;
-62,79686;
-65,53125;
-67,48437;
-66,31248;
-67,09374;
-65,14062;
-65,92187;
-64,75;
-68,26562;
-70,21874;
-66,31248;
-61,62499;
-70,60937;
-63,96874;
-63,96874;
-62,40624;
-64,35937;
-65,92187;
-66,31248;
-64,35937;
-61,62499;
-62,40624;
-63,96874;
-62,40624;
-62,01562;
-63,18749;
-60,45312;
-65,14062;
-56,93749;
-61,62499;
-61,62499;
-63,96874;
-60,84373;
-62,01562;
-56,93749;
-60,84373;
-58,49999;
-58,10936;
-60,06248;
-59,28125;
-56,15624;
-53,42187;
-51,85936;
-55,76562;
-55,37499;
-57,32811;
-55,76562;
-52,64062;
-54,20312;
-51,46874;
-51,07811;
-51,07811;
-53,42187;
-54,98437;
-50,68749;
-48,34373;
-53,42187;
-47,56249;
-42,87498;
-50,29687;
-47,56249;
-43,65623;
-49,90624;
-44,04687;
-39,74998;
-40,53125;
-33,49998;
-32,32813;
-32,32813;
-31,54686;
-30,375;
-27,24998;
-22,95311;
-25,68748;
-19,43748;
-19,43748;
-18,65625;
-12,40625;
-11,62498;
-12,40625;
-16,70311;
-11,23436;
-8,10936;
-5,76561;
-6,54686;
2,046875;
-6,54686;
-1,468735;
0,8750153;
0,09376526;
3,218765;
0,09376526;
2,437515;
4,000015;
2,82814;
4,000015;
5,562515;
3,60939;
7,125015;
4,781265;
5,562515;
9,07814;
4,781265;
9,07814;
5,17189;
5,95314;
8,687515;
6,73439;
7,125015;
4,39064;
7,51564;
8,29689;
7,125015;
-6,15625;
11,03127;
10,64064;
9,07814;
10,64064;
10,25002;
10,25002;
12,59377;
12,59377;
10,25002;
9,468765;
10,64064;
9,85939;
6,73439;
13,37502;
12,98439;
11,42189;
12,59377;
11,42189;
13,76562;
13,37502;
12,20314;
18,45314;
14,15627;
11,81252;
15,71877;
11,81252;
9,468765;
8,687515;
16,50002;
16,10939;
16,10939;
10,25002;
12,98439;
13,76562;
16,50002;
12,59377;
15,32814;
14,15627;
15,71877;
14,54689;
17,67189;
13,37502;
12,98439;
14,93752;
15,32814;
15,32814;
14,93752;
16,10939;
18,45314;
11,81252;
13,76562;
15,71877;
14,54689;
14,15627;
14,15627;
12,59377;
18,45314;
16,10939;
13,76562;
14,93752;
13,37502;
17,67189;
16,10939;
15,71877;
12,98439;
12,20314;
13,76562;
13,37502;
10,64064;
12,59377;
5,95314;
15,32814;
8,687515;
8,687515;
10,64064;
4,39064;
2,82814;
4,39064;
-0,6875;
-1,85936;
-5,76561;
-14,35936;
-12,40625;
-20,99998;
-28,03123;
-30,375;
-44,43749;
-49,12498;
-54,20312;
-56,93749;
-53,03124;
-55,76562;
-53,03124;
-58,89062;
-60,84373;
-60,84373;
-60,45312;
-60,06248;
-61,62499;
-62,79686;
-61,62499;
-61,62499;
-66,31248;
-60,84373;
-62,79686;
-65,14062;
-61,23437;
-63,18749;
-67,87499;
-66,70312;
-68,26562;
-66,70312;
-65,92187;
-67,87499;
-65,14062;
-67,48437;
-70,21874;
-65,53125;
-67,48437;
-68,26562;
-69,04686;
-67,09374;
-66,31248;
-68,26562;
-65,53125;
-69,04686;
-64,35937;
-62,40624;
-66,31248;
-67,09374;
-66,31248;
-64,75;
-66,70312;
-63,57811;
-63,96874;
-65,92187;
-66,70312;
-67,87499;
-64,75;
-63,57811;
-64,35937;
-65,92187;
-64,35937;
-62,79686;
-64,35937;
-62,79686;
-56,15624;
-65,53125;
-61,23437;
-54,98437;
-60,06248;
-60,06248;
-60,06248;
-60,06248;
-56,93749;
-60,45312;
-59,28125;
-53,42187;
-58,49999;
-57,32811;
-58,10936;
-57,32811;
-52,64062;
-53,8125;
-56,93749;
-56,15624;
-53,8125;
-51,07811;
-54,98437;
-51,46874;
-53,8125;
-49,12498;
-51,46874;
-47,95312;
-49,51562;
-47,95312;
-53,42187;
-50,29687;
-49,12498;
-46,78124;
-47,95312;
-46,39061;
-43,65623;
-44,43749;
-41,70312;
-38,18748;
-42,48437;
-31,15623;
-33,10938;
-29,98436;
-28,8125;
-22,95311;
-22,17186;
-24,125;
-19,82811;
-19,04686;
-15,53123;
-13,18748;
-18,65625;
-12,79686;
-8,10936;
-5,76561;
-4,98436;
-6,54686;
-1,85936;
0,09376526;
-1,468735;
-2,64061;
-0,2968597;
3,218765;
2,82814;
2,82814;
-1,07811;
2,437515;
3,60939;
8,29689;
5,17189;
4,000015;
2,82814;
3,218765;
4,781265;
4,000015;
8,687515;
8,687515;
2,82814;
5,95314;
7,906265;
12,59377;
8,29689;
6,73439;
8,29689;
6,343765;
4,781265;
5,17189;
5,17189;
5,95314;
5,562515;
7,51564;
9,468765;
12,20314;
11,03127;
4,781265;
8,687515;
11,42189;
10,25002;
14,93752;
11,81252;
11,03127;
14,93752;
13,76562;
14,93752;
13,37502;
13,76562;
13,76562;
18,84377;
14,93752;
12,20314;
14,15627;
11,03127;
14,15627;
14,54689;
14,93752;
15,32814;
14,15627;
18,84377;
13,37502;
11,42189;
16,50002;
13,76562;
14,54689;
16,50002;
11,42189;
14,15627;
18,06252;
9,07814;
15,71877;
11,81252;
14,93752;
17,28127;
14,93752;
14,93752;
12,98439;
13,37502;
13,76562;
12,98439;
13,37502;
12,98439;
11,81252;
13,76562;
14,93752;
13,76562;
18,06252;
15,32814;
12,98439;
16,50002;
14,54689;
11,42189;
17,28127;
10,25002;
14,54689;
21,57814;
13,37502;
6,73439;
6,343765;
16,10939;
6,73439;
11,03127;
9,07814;
2,046875;
-1,468735;
-0,6875;
-4,98436;
-3,421875;
-8,89061;
-15,14063;
-16,31248;
-22,95311;
-33,89061;
-38,96873;
-52,24999;
-52,24999;
-53,03124;
-55,37499;
-54,20312;
-57,71874;
-57,32811;
-56,93749;
-60,45312;
-60,45312;
-60,84373;
-58,10936;
-63,57811;
-63,96874;
-62,79686;
-59,67187;
-63,18749;
-60,45312;
-63,96874;
-62,79686;
-66,31248;
-63,57811;
-65,14062;
-67,48437;
-68,65624;
-66,31248;
-67,09374;
-69,82812;
-65,14062;
-72,95312;
-66,70312;
-69,82812;
-64,75;
-68,26562;
-68,65624;
-66,31248;
-67,87499;
-67,87499;
-62,01562;
-67,09374;
-65,53125;
-67,48437;
-64,35937;
-66,31248;
-66,31248;
-65,92187;
-64,35937;
-67,48437;
-66,31248;
-66,31248;
-66,31248;
-66,31248;
-65,92187;
-65,53125;
-58,89062;
-63,96874;
-60,84373;
-63,96874;
-62,79686;
-64,75;
-63,18749;
-65,53125;
-61,62499;
-62,01562;
-60,45312;
-55,76562;
-60,06248;
-57,32811;
-62,01562;
-59,28125;
-59,28125;
-56,93749;
-58,49999;
-56,54687;
-60,84373;
-54,98437;
-56,15624;
-53,42187;
-53,8125;
-53,8125;
-53,03124;
-53,42187;
-56,15624;
-50,29687;
-53,42187;
-50,29687;
-51,85936;
-50,68749;
-49,51562;
-46,39061;
-53,03124;
-50,68749;
-45,21874;
-48,34373;
-44,43749;
-43,26562;
-39,74998;
-39,74998;
-40,14061;
-37,79688;
-36,23436;
-31,93748;
-30,76561;
-26,46873;
-25,68748;
-21,78123;
-22,17186;
-20,60938;
-21,78123;
-16,70311;
-15,14063;
-13,18748;
-10,45311;
-7,32811;
-8,499985;
0,09376526;
-5,374985;
-3,421875;
1,26564;
-1,468735;
-1,85936;
-6,54686;
-4,20311;
0,8750153;
2,437515;
-4,20311;
5,17189;
2,82814;
7,906265;
-3,031235;
3,60939;
14,54689;
3,218765;
8,29689;
5,95314;
5,95314;
5,562515;
2,437515;
4,000015;
8,687515;
7,906265;
4,781265;
5,17189;
3,60939;
7,906265;
5,95314;
1,656265;
11,81252;
9,85939;
8,29689;
14,15627;
11,03127;
7,125015;
7,51564;
8,29689;
12,59377;
9,07814;
10,25002;
16,50002;
12,98439;
13,76562;
13,37502;
14,93752;
13,76562;
12,20314;
14,54689;
11,81252;
9,468765;
16,50002;
11,81252;
11,03127;
14,93752;
16,50002;
15,32814;
13,37502;
18,06252;
10,64064;
13,76562;
16,10939;
17,28127;
16,50002;
12,98439;
19,23439;
18,06252;
13,76562;
10,64064;
18,45314;
13,76562;
15,32814;
14,54689;
18,06252;
16,50002;
13,76562;
11,81252;
12,20314;
13,76562;
13,76562;
13,76562;
16,10939;
13,76562;
10,64064;
13,37502;
11,42189;
15,71877;
9,85939;
14,15627;
13,76562;
12,20314;
10,64064;
12,20314;
14,54689;
22,75002;
10,64064;
8,29689;
9,85939;
12,98439;
12,59377;
11,03127;
7,906265;
9,468765;
4,39064;
24,31252;
4,000015;
-3,812485;
4,39064;
-9,281235;
-1,85936;
-8,499985;
-12,79686;
-19,04686;
-22,56248;
-29,59375;
-32,71873;
-44,04687;
-49,12498;
-49,51562;
-59,67187;
-52,24999;
-53,03124;
-57,32811;
-54,98437;
-56,15624;
-56,93749;
-59,28125;
-60,45312;
-56,54687;
-62,40624;
-63,57811;
-62,40624;
-66,31248;
-62,40624;
-64,75;
-62,40624;
-61,23437;
-64,35937;
-67,09374;
-66,70312;
-67,87499;
-65,53125;
-66,70312;
-68,26562;
-64,35937;
-64,75;
-64,75;
-65,53125;
-65,92187;
-65,92187;
-65,14062;
-69,43749;
-65,53125;
-69,04686;
-70,21874;
-67,48437;
-70,21874;
-67,09374;
-65,53125;
-67,87499;
-65,92187;
-68,26562;
-69,04686;
-67,09374;
-63,96874;
-62,01562;
-64,35937;
-63,57811;
-58,49999;
-66,31248;
-62,01562;
-67,09374;
-59,67187;
-59,67187;
-62,79686;
-63,57811;
-60,45312;
-65,14062;
-59,67187;
-60,84373;
-59,67187;
-62,40624;
-58,49999;
-61,23437;
-58,49999;
-60,06248;
-57,32811;
-56,15624;
-57,32811;
-63,57811;
-53,03124;
-53,8125;
-54,98437;
-58,49999;
-52,24999;
-53,03124;
-60,84373;
-52,24999;
-53,8125;
-53,42187;
-50,29687;
-54,59373;
-49,90624;
-51,85936;
-51,46874;
-47,56249;
-50,68749;
-47,56249;
-45,99999;
-44,43749;
-47,95312;
-42,09375;
-45,21874;
-40,53125;
-42,09375;
-37,40623;
-34,67186;
-31,54686;
-31,15623;
-30,76561;
-24,125;
-22,56248;
-23,73436;
-20,60938;
-17,48436;
-16,31248;
-12,40625;
-10,45311;
-10,84373;
-7,718735;
-7,718735;
-9,671875;
-0,6875;
-2,249985;
-0,2968597;
-1,07811;
14,54689;
0,8750153;
-3,031235;
1,26564;
3,218765;
-4,593735;
4,781265;
2,82814;
1,656265;
9,07814;
2,82814;
3,60939;
4,781265;
6,343765;
7,125015;
5,562515;
5,95314;
5,562515;
0,09376526;
4,781265;
8,29689;
4,000015;
7,906265;
7,125015;
6,73439;
9,468765;
9,468765;
6,73439;
8,29689;
7,51564;
13,76562;
9,85939;
8,687515;
10,64064;
7,51564;
7,906265;
12,20314;
11,81252;
10,64064;
10,25002;
11,42189;
11,42189;
10,25002;
15,71877;
2,82814;
12,59377;
13,37502;
4,000015;
11,42189;
14,15627;
17,67189;
12,98439;
16,50002;
14,15627;
12,59377;
15,32814;
15,71877;
11,03127;
12,20314;
12,98439;
16,89064;
14,15627;
20,01564;
13,76562;
36,42189;
17,67189;
12,98439;
16,50002;
13,76562;
14,15627;
14,93752;
12,20314;
11,03127;
10,64064;
12,59377;
16,50002;
12,59377;
12,98439;
12,20314;
11,42189;
12,98439;
15,32814;
14,54689;
13,37502;
11,42189;
9,07814;
13,37502;
13,37502;
9,07814;
14,93752;
10,25002;
11,42189;
9,85939;
11,03127;
12,20314;
11,81252;
12,59377;
12,20314;
8,29689;
8,29689;
16,89064;
5,95314;
1,26564;
4,000015;
1,656265;
0,4843903;
-4,20311;
-2,249985;
11,03127;
-15,14063;
-17,48436;
-25,29686;
-32,32813;
-40,92186;
-45,99999;
-53,03124;
-56,54687;
-58,10936;
-54,98437;
-54,98437;
-58,10936;
-56,15624;
-62,01562;
-56,93749;
-62,79686;
-62,79686;
-63,18749;
-67,09374;
-65,14062;
-63,96874;
-66,70312;
-62,01562;
-65,92187;
-64,35937;
-66,70312;
-63,57811;
-62,79686;
-66,31248;
-67,09374;
-67,09374;
-65,53125;
-64,35937;
-64,35937;
-67,48437;
-66,31248;
-66,70312;
-66,31248;
-67,09374;
-70,21874;
-64,75;
-64,75;
-67,87499;
-67,48437;
-65,53125;
-62,40624;
-66,31248;
-67,09374;
-69,82812;
-67,09374;
-67,87499;
-61,23437;
-71,0;
-66,70312;
-63,96874;
-67,09374;
-63,57811;
-62,40624;
-64,35937;
-60,06248;
-64,35937;
-66,31248;
-62,40624;
-62,40624;
-62,40624;
-60,84373;
-62,79686;
-62,01562;
-59,28125;
-62,40624;
-60,84373;
-56,93749;
-61,62499;
-58,49999;
-61,23437;
-56,54687;
-55,37499;
-59,28125;
-57,32811;
-59,67187;
-54,59373;
-56,93749;
-53,8125;
-56,15624;
-55,37499;
-54,59373;
-56,15624;
-56,93749;
-51,46874;
-52,64062;
-51,07811;
-49,12498;
-51,85936;
-44,04687;
-47,17187;
-51,07811;
-47,56249;
-53,03124;
-49,12498;
-40,53125;
-47,17187;
-39,35936;
-38,18748;
-40,53125;
-37,40623;
-33,89061;
-31,93748;
-29,59375;
-26,85938;
-24,90623;
-26,07813;
-22,56248;
-15,14063;
-17,875;
-15,53123;
-11,23436;
-13,96873;
-10,45311;
-7,32811;
-4,593735;
-6,54686;
-3,421875;
-5,76561;
0,09376526;
-1,07811;
0,8750153;
0,4843903;
-1,85936;
3,60939;
4,39064;
5,17189;
5,562515;
3,218765;
4,39064;
7,125015;
6,343765;
5,562515;
4,39064;
0,4843903;
6,73439;
5,95314;
11,42189;
4,39064;
4,781265;
9,468765;
7,125015;
5,17189;
9,468765;
5,95314;
12,20314;
9,07814;
8,29689;
10,25002;
9,07814;
10,64064;
11,03127;
9,85939;
11,42189;
8,29689;
11,03127;
10,64064;
9,468765;
11,81252;
12,59377;
12,20314;
15,71877;
11,42189;
9,85939;
13,37502;
9,07814;
12,20314;
12,98439;
11,81252;
12,20314;
17,28127;
12,59377;
14,93752;
12,59377;
12,20314;
16,10939;
13,37502;
14,93752;
12,98439;
16,89064;
12,59377;
12,98439;
15,32814;
11,03127;
14,15627;
12,59377;
17,67189;
25,87502;
17,28127;
16,10939;
12,98439;
14,93752;
12,59377;
14,15627;
9,07814;
11,42189;
13,76562;
19,23439;
11,81252;
16,50002;
12,98439;
15,32814;
12,98439;
13,76562;
17,67189;
14,93752;
10,64064;
12,20314;
10,64064;
10,64064;
12,20314;
9,468765;
13,37502;
11,03127;
8,687515;
10,64064;
10,25002;
9,07814;
9,07814;
7,125015;
10,64064;
4,39064;
4,000015;
7,51564;
4,781265;
2,437515;
-4,20311;
-2,64061;
-7,718735;
-14,35936;
-13,18748;
-24,125;
-30,375;
-36,62498;
-42,48437;
-50,29687;
-48,73437;
-55,76562;
-56,54687;
-54,20312;
-56,93749;
-59,28125;
-58,89062;
-58,49999;
-62,40624;
-63,96874;
-60,45312;
-62,40624;
-62,40624;
-65,14062;
-66,31248;
-60,45312;
-59,28125;
-61,62499;
-60,84373;
-67,48437;
-65,92187;
-66,70312;
-66,70312;
-66,70312;
-63,57811;
-64,35937;
-69,04686;
-65,92187;
-67,09374;
-65,14062;
-67,09374;
-66,31248;
-62,79686;
-69,43749;
-65,53125;
-67,09374;
-68,65624;
-65,14062;
-65,53125;
-65,92187;
-66,31248;
-68,65624;
-61,62499;
-67,87499;
-70,60937;
-65,14062;
-63,96874;
-64,35937;
-63,96874;
-67,09374;
-67,09374;
-64,75;
-61,62499;
-58,10936;
-60,84373;
-62,01562;
-62,79686;
-60,84373;
-57,71874;
-60,84373;
-62,40624;
-58,49999;
-60,84373;
-58,89062;
-62,79686;
-62,79686;
-55,37499;
-62,40624;
-57,71874;
-58,49999;
-60,06248;
-60,45312;
-55,76562;
-53,03124;
-54,20312;
-55,37499;
-53,42187;
-53,8125;
-55,37499;
-54,59373;
-52,64062;
-53,03124;
-51,07811;
-54,59373;
-51,07811;
-48,34373;
-51,07811;
-45,21874;
-50,68749;
-51,46874;
-45,99999;
-49,12498;
-45,99999;
-43,65623;
-44,04687;
-36,62498;
-40,53125;
-38,18748;
-36,23436;
-34,28123;
-30,375;
-26,07813;
-28,03123;
-23,73436;
-22,17186;
-22,17186;
-17,875;
-20,60938;
-13,96873;
-12,40625;
-12,01561;
-10,06248;
-9,671875;
-4,98436;
-3,812485;
-3,812485;
-3,812485;
-3,421875;
-4,20311;
1,656265;
-2,249985;
0,4843903;
0,8750153;
5,17189;
-0,6875;
4,39064;
2,046875;
7,51564;
4,781265;
4,000015;
4,39064;
2,82814;
4,000015;
7,906265;
5,562515;
7,906265;
5,17189;
8,29689;
7,906265;
7,51564;
11,42189;
12,20314;
5,562515;
8,687515;
5,17189;
5,17189;
9,07814;
10,25002;
9,468765;
9,07814;
9,468765;
16,10939;
14,15627;
8,29689;
10,64064;
7,51564;
15,32814;
11,81252;
9,468765;
10,25002;
14,54689;
15,32814;
15,71877;
12,98439;
14,93752;
13,76562;
14,54689;
11,42189;
14,15627;
9,468765;
14,15627;
11,03127;
14,54689;
7,125015;
13,76562;
13,76562;
12,59377;
16,10939;
14,15627;
20,01564;
17,28127;
13,37502;
12,98439;
13,76562;
13,76562;
14,15627;
13,76562;
11,42189;
11,81252;
17,28127;
16,10939;
14,15627;
12,20314;
14,54689;
13,76562;
13,76562;
15,71877;
14,15627;
11,03127;
10,64064;
8,687515;
9,468765;
13,76562;
11,81252;
10,25002;
13,76562;
14,15627;
14,54689;
13,37502;
16,50002;
12,20314;
14,54689;
13,37502;
9,85939;
9,07814;
8,29689;
5,95314;
11,03127;
4,39064;
2,046875;
7,51564;
-1,07811;
-0,2968597;
-2,64061;
-5,374985;
-3,031235;
-10,84373;
-12,79686;
-18,26561;
-26,85938;
-31,15623;
-40,14061;
-42,87498;
-50,68749;
-58,49999;
-58,49999;
-56,93749;
-59,67187;
-59,28125;
-60,84373;
-59,67187;
-55,37499;
-60,84373;
-61,62499;
-61,23437;
-62,01562;
-62,40624;
-62,01562;
-66,31248;
-61,62499;
-66,31248;
-61,62499;
-64,35937;
-67,09374;
-67,48437;
-63,18749;
-67,48437;
-57,71874;
-65,53125;
-65,14062;
-67,87499;
-68,65624;
-69,82812;
-65,92187;
-62,40624;
-66,31248;
-68,26562;
-66,31248;
-73,34374;
-61,62499;
-65,53125;
-64,35937;
-66,31248;
-67,48437;
-65,53125;
-64,35937;
-64,35937;
-63,18749;
-61,62499;
-66,31248;
-63,96874;
-65,53125;
-63,18749;
-65,53125;
-62,79686;
-63,96874;
-61,62499;
-63,18749;
-60,06248;
-64,35937;
-63,96874;
-61,23437;
-60,45312;
-59,28125;
-60,45312;
-60,45312;
-62,79686;
-56,93749;
-59,67187;
-56,93749;
-55,76562;
-56,15624;
-58,49999;
-56,93749;
-53,03124;
-58,49999;
-56,54687;
-56,15624;
-54,20312;
-55,76562;
-53,8125;
-51,85936;
-51,85936;
-51,07811;
-51,07811;
-51,07811;
-53,03124;
-44,04687;
-52,64062;
-51,46874;
-48,73437;
-47,56249;
-45,21874;
-44,43749;
-44,04687;
-40,92186;
-36,62498;
-41,31249;
-38,18748;
-37,40623;
-34,67186;
-33,89061;
-34,67186;
-27,24998;
-28,8125;
-23,34375;
-19,82811;
-22,17186;
-19,43748;
-18,65625;
-16,31248;
-13,18748;
-13,18748;
-8,499985;
-9,281235;
-6,54686;
-3,031235;
-11,62498;
-5,374985;
-3,421875;
0,4843903;
2,82814;
0,4843903;
4,000015;
1,26564;
1,26564;
2,046875;
3,60939;
3,218765;
6,343765;
4,39064;
4,39064;
7,906265;
12,98439;
6,343765;
7,906265;
4,000015;
5,95314;
5,562515;
4,781265;
7,125015;
7,125015;
7,51564;
5,562515;
7,51564;
7,51564;
7,125015;
5,95314;
6,73439;
5,95314;
7,125015;
10,64064;
12,59377;
12,20314;
9,85939;
10,64064;
8,687515;
10,64064;
12,59377;
11,81252;
10,64064;
16,89064;
13,76562;
10,64064;
10,25002;
12,98439;
12,59377;
15,71877;
9,07814;
9,85939;
9,07814;
13,76562;
5,95314;
14,15627;
11,81252;
14,54689;
15,71877;
12,59377;
16,89064;
13,37502;
14,93752;
12,98439;
12,98439;
17,28127;
22,75002;
23,92189;
13,76562;
13,37502;
13,76562;
12,98439;
11,81252;
16,50002;
14,93752;
18,84377;
10,25002;
14,93752;
16,10939;
11,03127;
14,15627;
15,32814;
12,20314;
10,64064;
13,37502;
11,81252;
12,59377;
15,71877;
11,42189;
14,93752;
9,07814;
12,98439;
12,20314;
16,10939;
16,10939;
12,98439;
12,20314;
9,07814;
9,85939;
12,98439;
7,51564;
8,29689;
5,95314;
3,60939;
5,95314;
2,437515;
0,8750153;
-0,6875;
-3,421875;
-0,6875;
-10,06248;
-12,01561;
-17,48436;
-26,46873;
-29,98436;
-34,67186;
-39,74998;
-53,8125;
-56,15624;
-53,42187;
-53,03124;
-57,32811;
-57,71874;
-56,93749;
-56,15624;
-60,45312;
-61,62499;
-62,79686;
-59,28125;
-62,40624;
-59,67187;
-62,40624;
-61,23437;
-62,01562;
-64,75;
-66,70312;
-63,96874;
-65,53125;
-68,26562;
-65,53125;
-68,26562;
-63,96874;
-67,48437;
-63,57811;
-68,26562;
-65,53125;
-66,31248;
-65,92187;
-70,60937;
-68,26562;
-67,48437;
-66,70312;
-67,48437;
-65,92187;
-68,26562;
-62,79686;
-69,04686;
-66,70312;
-65,92187;
-70,60937;
-66,70312;
-63,18749;
-65,92187;
-62,40624;
-67,87499;
-65,92187;
-62,79686;
-63,96874;
-62,79686;
-62,40624;
-61,62499;
-59,28125;
-62,79686;
-62,40624;
-57,32811;
-64,35937;
-62,79686;
-65,14062;
-60,45312;
-62,01562;
-62,79686;
-60,06248;
-59,28125;
-60,06248;
-58,89062;
-57,32811;
-55,76562;
-59,67187;
-56,93749;
-55,76562;
-58,89062;
-58,10936;
-54,59373;
-59,28125;
-54,59373;
-54,98437;
-53,8125;
-52,64062;
-52,64062;
-51,46874;
-51,46874;
-47,17187;
-48,73437;
-52,24999;
-50,68749;
-42,48437;
-47,17187;
-48,34373;
-46,78124;
-49,90624;
-42,48437;
-44,82812;
-45,60936;
-37,01561;
-39,35936;
-33,10938;
-31,15623;
-29,98436;
-31,15623;
-21,78123;
-26,85938;
-21,78123;
-20,99998;
-20,60938;
-16,70311;
-15,92186;
-11,23436;
-11,62498;
-9,671875;
-8,10936;
-9,671875;
-4,593735;
0,09376526;
-4,593735;
-0,6875;
-2,249985;
-1,468735;
2,82814;
3,60939;
-1,85936;
4,39064;
1,656265;
3,218765;
-1,85936;
7,51564;
8,687515;
1,656265;
4,781265;
9,468765;
5,17189;
5,562515;
4,000015;
7,125015;
4,781265;
2,046875;
6,73439;
-1,07811;
4,39064;
9,468765;
6,343765;
5,95314;
7,51564;
6,73439;
7,906265;
9,85939;
1,656265;
11,42189;
11,81252;
9,468765;
10,64064;
11,42189;
10,64064;
10,64064;
7,125015;
10,64064;
10,64064;
8,687515;
12,59377;
11,42189;
14,15627;
13,37502;
16,89064;
43,45314;
13,37502;
19,23439;
9,468765;
14,93752;
12,59377;
14,15627;
12,59377;
16,50002;
15,32814;
12,20314;
14,54689;
16,50002;
14,15627;
19,23439;
13,37502;
13,37502;
16,10939;
15,32814;
16,89064;
16,10939;
12,59377;
15,32814;
12,20314;
14,93752;
12,59377;
12,98439;
18,06252;
12,98439;
15,71877;
12,20314;
10,25002;
16,10939;
11,42189;
14,93752;
16,10939;
13,76562;
9,85939;
9,468765;
11,42189;
13,37502;
11,03127;
9,468765;
13,37502;
10,64064;
13,37502;
6,73439;
8,29689;
12,59377;
4,781265;
7,906265;
8,687515;
5,95314;
8,29689;
5,17189;
5,562515;
4,000015;
-2,64061;
0,8750153;
-3,031235;
-4,20311;
-9,281235;
-13,18748;
-18,26561;
-17,48436;
-27,64061;
-35,0625;
-44,82812;
-46,78124;
-50,29687;
-57,71874;
-57,71874;
-56,93749;
-57,71874;
-55,37499;
-61,23437;
-59,67187;
-59,67187;
-58,49999;
-56,15624;
-62,01562;
-60,84373;
-64,35937;
-66,70312;
-67,48437;
-59,28125;
-63,96874;
-65,14062;
-64,35937;
-64,35937;
-62,01562;
-65,53125;
-68,65624;
-70,60937;
-66,31248;
-64,35937;
-67,87499;
-68,65624;
-62,01562;
-67,87499;
-65,14062;
-64,35937;
-67,87499;
-66,31248;
-65,53125;
-68,26562;
-65,53125;
-62,79686;
-65,92187;
-64,35937;
-68,65624;
-66,70312;
-65,53125;
-66,70312;
-63,57811;
-67,48437;
-66,70312;
-63,96874;
-67,48437;
-61,62499;
-65,92187;
-66,70312;
-61,23437;
-64,75;
-60,45312;
-61,62499;
-62,01562;
-59,28125;
-62,79686;
-63,57811;
-60,45312;
-65,14062;
-63,57811;
-59,28125;
-56,93749;
-58,49999;
-58,89062;
-58,10936;
-56,93749;
-62,40624;
-53,42187;
-51,46874;
-56,15624;
-54,20312;
-53,8125;
-52,24999;
-53,42187;
-49,90624;
-56,54687;
-51,46874;
-54,98437;
-50,29687;
-50,68749;
-47,95312;
-51,07811;
-51,07811;
-49,12498;
-43,26562;
-48,34373;
-45,21874;
-43,26562;
-39,35936;
-38,96873;
-42,09375;
-40,92186;
-34,67186;
-33,49998;
-32,71873;
-29,98436;
-29,98436;
-25,29686;
-25,29686;
-24,90623;
-22,95311;
-22,17186;
-17,09373;
-14,74998;
-12,40625;
-13,18748;
-11,62498;
-10,06248;
-6,54686;
-6,15625;
-3,812485;
-1,85936;
-2,64061;
-5,374985;
-2,64061;
-1,07811;
2,82814;
0,09376526;
-1,85936;
0,8750153;
7,125015;
7,125015;
1,26564;
2,82814;
5,562515;
6,343765;
9,07814;
6,343765;
6,343765;
7,51564;
2,046875;
4,39064;
7,906265;
7,906265;
8,29689;
5,17189;
7,125015;
8,687515;
9,07814;
11,81252;
7,51564;
16,50002;
11,03127;
3,60939;
7,906265;
11,42189;
11,03127;
2,82814;
15,71877;
12,59377;
9,85939;
7,906265;
13,76562;
10,64064;
9,07814;
13,76562;
11,42189;
16,10939;
11,42189;
4,000015;
9,85939;
11,42189;
12,59377;
12,20314;
12,98439;
11,03127;
14,15627;
12,98439;
13,37502;
12,20314;
11,03127;
16,89064;
14,93752;
14,54689;
18,45314;
10,25002;
19,23439;
13,76562;
14,15627;
19,23439;
12,20314;
12,20314;
7,125015;
14,93752;
11,42189;
16,50002;
13,76562;
14,54689;
12,20314;
13,37502;
14,54689;
9,07814;
14,15627;
11,81252;
12,20314;
12,59377;
17,67189;
14,15627;
11,03127;
11,81252;
7,906265;
9,85939;
14,15627;
11,03127;
9,07814;
9,468765;
8,687515;
9,468765;
10,25002;
10,25002;
29,00002;
9,07814;
5,17189;
5,95314;
6,73439;
3,218765;
7,51564;
-6,15625;
-0,2968597;
1,26564;
-5,76561;
-7,718735;
-6,937485;
-14,74998;
-19,04686;
-24,51561;
-31,54686;
-38,18748;
-49,12498;
-54,20312;
-53,8125;
-58,89062;
-54,98437;
-53,8125;
-57,71874;
-58,89062;
-62,40624;
-59,28125;
-59,67187;
-60,45312;
-60,84373;
-63,18749;
-63,57811;
-62,79686;
-63,18749;
-61,62499;
-67,87499;
-62,79686;
-63,96874;
-65,14062;
-66,70312;
-65,53125;
-68,65624;
-62,40624;
-62,40624;
-62,79686;
-59,67187;
-65,53125;
-65,92187;
-63,18749;
-64,75;
-64,35937;
-62,40624;
-63,57811;
-66,70312;
-67,87499;
-65,14062;
-62,79686;
-64,35937;
-67,09374;
-65,14062;
-65,53125;
-65,14062;
-71,39062;
-63,57811;
-66,31248;
-64,75;
-63,18749;
-63,18749;
-58,10936;
-61,62499;
-58,89062;
-63,18749;
-58,10936;
-63,57811;
-60,45312;
-56,93749;
-63,18749;
-57,71874;
-60,45312;
-58,10936;
-60,84373;
-58,10936;
-56,54687;
-53,8125;
-57,32811;
-56,54687;
-59,67187;
-56,93749;
-59,28125;
-57,32811;
-54,59373;
-58,10936;
-56,15624;
-56,54687;
-56,54687;
-54,20312;
-53,8125;
-54,59373;
-52,64062;
-53,8125;
-51,46874;
-49,51562;
-52,64062;
-51,46874;
-47,56249;
-52,64062;
-45,99999;
-49,51562;
-45,99999;
-42,09375;
-44,43749;
-38,57813;
-40,14061;
-42,48437;
-36,23436;
-35,84375;
-33,89061;
-29,20311;
-28,8125;
-23,34375;
-21,78123;
-26,07813;
-22,17186;
-19,82811;
-17,48436;
-13,96873;
-14,74998;
-9,671875;
-8,10936;
-8,10936;
-6,54686;
-4,593735;
2,437515;
0,09376526;
-4,98436;
-2,64061;
2,82814;
4,000015;
-5,76561;
0,4843903;
2,82814;
6,343765;
3,60939;
3,60939;
5,17189;
5,562515;
7,125015;
6,343765;
7,125015;
6,343765;
5,562515;
-0,6875;
4,39064;
4,39064;
9,07814;
5,562515;
11,03127;
7,51564;
4,000015;
7,125015;
3,60939;
9,07814;
9,07814;
9,468765;
8,687515;
13,37502;
13,76562;
12,59377;
12,59377;
9,468765;
9,07814;
11,42189;
12,20314;
11,42189;
12,98439;
12,98439;
9,468765;
10,64064;
16,89064;
10,25002;
15,32814;
14,54689;
8,687515;
19,23439;
15,71877;
12,59377;
15,71877;
10,64064;
16,50002;
11,81252;
14,15627;
14,93752;
11,81252;
7,906265;
13,37502;
11,42189;
12,59377;
11,81252;
15,71877;
16,89064;
12,20314;
13,37502;
12,20314;
13,76562;
14,93752;
12,98439;
12,20314;
16,50002;
11,03127;
11,03127;
12,20314;
12,20314;
15,32814;
12,20314;
14,15627;
12,98439;
11,81252;
10,25002;
11,42189;
9,85939;
11,81252;
13,37502;
9,07814;
10,25002;
13,37502;
8,29689;
10,64064;
11,42189;
10,25002;
11,42189;
23,53127;
6,73439;
4,781265;
7,906265;
12,20314;
9,468765;
7,125015;
7,51564;
5,17189;
2,82814;
1,26564;
2,046875;
-1,85936;
-8,10936;
-12,01561;
-15,92186;
-17,875;
-23,73436;
-31,54686;
-38,18748;
-46,39061;
-51,46874;
-55,37499;
-57,32811;
-56,15624;
-54,98437;
-58,89062;
-58,49999;
-58,89062;
-57,71874;
-56,93749;
-63,57811;
-62,79686;
-61,23437;
-65,14062;
-61,23437;
-67,09374;
-66,70312;
-67,09374;
-67,09374;
-63,57811;
-60,84373;
-68,26562;
-64,75;
-66,31248;
-65,14062;
-63,96874;
-65,14062;
-66,31248;
-68,26562;
-61,62499;
-64,75;
-67,48437;
-69,04686;
-65,92187;
-66,70312;
-63,57811;
-68,26562;
-69,43749;
-68,26562;
-66,70312;
-62,79686;
-64,35937;
-65,92187;
-67,09374;
-65,92187;
-65,53125;
-66,31248;
-63,57811;
-63,57811;
-65,53125;
-62,79686;
-58,49999;
-64,75;
-63,57811;
-65,14062;
-63,96874;
-62,01562;
-63,18749;
-62,01562;
-60,45312;
-60,06248;
-61,23437;
-60,45312;
-58,10936;
-61,23437;
-58,10936;
-60,45312;
-58,49999;
-57,71874;
-60,45312;
-56,54687;
-59,28125;
-60,06248;
-56,93749;
-58,10936;
-57,32811;
-54,20312;
-56,15624;
-55,37499;
-52,24999;
-53,03124;
-53,8125;
-52,24999;
-50,68749;
-51,46874;
-52,24999;
-48,34373;
-49,90624;
-49,90624;
-45,21874;
-48,73437;
-46,78124;
-45,60936;
-42,87498;
-38,18748;
-42,87498;
-38,18748;
-35,45311;
-32,32813;
-33,49998;
-28,8125;
-28,42186;
-22,17186;
-24,51561;
-20,99998;
-18,65625;
-15,14063;
-17,09373;
-15,53123;
-14,74998;
-10,84373;
-8,499985;
-7,32811;
-6,54686;
-4,593735;
-3,421875;
-3,031235;
-3,421875;
-2,64061;
1,656265;
0,4843903;
3,60939;
0,8750153;
4,781265;
1,26564;
4,000015;
5,562515;
2,82814;
5,17189;
4,781265;
2,82814;
9,468765;
21,96877;
9,468765;
4,39064;
19,23439;
8,29689;
5,95314;
8,687515;
7,125015;
7,125015;
7,125015;
5,562515;
7,906265;
14,15627;
11,03127;
7,51564;
10,25002;
10,64064;
10,64064;
10,64064;
7,51564;
11,42189;
6,73439;
7,125015;
7,906265;
4,781265;
9,85939;
11,81252;
16,89064;
9,85939;
13,37502;
11,42189;
10,25002;
13,76562;
10,64064;
11,03127;
11,81252;
10,25002;
12,20314;
12,98439;
11,03127;
14,15627;
12,98439;
9,468765;
16,50002;
12,59377;
11,81252;
15,71877;
13,37502;
14,54689;
11,42189;
11,42189;
10,64064;
11,42189;
18,84377;
12,20314;
12,20314;
16,10939;
16,50002;
12,59377;
12,20314;
11,42189;
9,85939;
12,98439;
9,468765;
11,81252;
11,03127;
9,85939;
8,687515;
7,51564;
18,84377;
13,37502;
13,37502;
14,15627;
11,03127;
11,81252;
9,468765;
10,25002;
12,20314;
9,468765;
11,42189;
8,687515;
9,07814;
9,468765;
7,906265;
4,39064;
6,73439;
4,781265;
1,656265;
1,656265;
-0,2968597;
0,4843903;
-5,76561;
-9,671875;
-8,89061;
-10,84373;
-18,26561;
-22,56248;
-28,42186;
-30,76561;
-44,43749;
-51,85936;
-54,20312;
-56,54687;
-59,28125;
-54,98437;
-54,98437;
-62,01562;
-60,45312;
-59,28125;
-58,49999;
-57,71874;
-63,18749;
-63,96874;
-63,96874;
-61,23437;
-66,31248;
-65,14062;
-60,45312;
-60,06248;
-64,35937;
-64,75;
-65,14062;
-67,48437;
-64,35937;
-68,65624;
-63,96874;
-67,48437;
-67,87499;
-66,70312;
-66,31248;
-68,26562;
-65,14062;
-64,75;
-63,57811;
-63,96874;
-65,92187;
-65,53125;
-64,75;
-65,53125;
-65,14062;
-67,09374;
-67,09374;
-65,92187;
-60,45312;
-61,62499;
-65,53125;
-62,01562;
-59,67187;
-65,92187;
-60,06248;
-63,96874;
-65,92187;
-62,79686;
-62,79686;
-69,43749;
-62,79686;
-56,15624;
-63,18749;
-56,93749;
-61,62499;
-56,93749;
-64,35937;
-58,10936;
-56,54687;
-58,10936;
-58,89062;
-56,54687;
-58,10936;
-55,37499;
-58,89062;
-56,93749;
-56,54687;
-55,76562;
-52,24999;
-56,15624;
-56,54687;
-54,98437;
-56,15624;
-53,03124;
-53,8125;
-52,64062;
-53,03124;
-53,42187;
-47,95312;
-49,90624;
-51,46874;
-47,56249;
-50,29687;
-50,68749;
-45,99999;
-47,17187;
-43,26562;
-44,04687;
-42,87498;
-42,09375;
-38,96873;
-40,14061;
-35,45311;
-30,375;
-28,03123;
-32,32813;
-26,85938;
-24,125;
-20,21873;
-20,99998;
-17,875;
-18,65625;
-13,96873;
-15,92186;
-13,18748;
-8,89061;
-8,89061;
-6,54686;
-6,15625;
6,73439;
-3,031235;
-0,6875;
-1,468735;
4,000015;
0,8750153;
0,09376526;
2,82814;
1,656265;
1,656265;
3,218765;
3,218765;
5,95314;
0,09376526;
3,218765;
5,562515;
6,343765;
3,60939;
2,82814;
4,39064;
11,42189;
7,51564;
6,343765;
6,73439;
5,562515;
11,42189;
6,73439;
11,81252;
6,343765;
9,07814;
6,343765;
7,906265;
3,60939;
11,03127;
9,85939;
5,95314;
7,125015;
13,76562;
8,29689;
15,32814;
7,125015;
9,468765;
11,42189;
11,42189;
11,81252;
11,81252;
16,50002;
13,76562;
12,59377;
14,15627;
13,37502;
9,85939;
13,37502;
11,03127;
15,71877;
16,10939;
13,37502;
14,93752;
9,07814;
11,81252;
12,20314;
12,20314;
12,20314;
7,906265;
11,03127;
14,54689;
13,76562;
18,45314;
12,59377;
4,39064;
13,37502;
15,71877;
10,25002;
13,37502;
12,20314;
17,67189;
12,98439;
9,07814;
13,37502;
13,76562;
9,468765;
11,42189;
11,81252;
7,125015;
10,25002;
5,95314;
10,25002;
12,59377;
11,03127;
12,98439;
8,29689;
8,687515;
10,25002;
11,03127;
13,37502;
13,37502;
-2,249985;
9,468765;
9,468765;
7,51564;
11,03127;
7,125015;
8,687515;
8,29689;
7,906265;
9,468765;
4,000015;
-0,2968597;
6,343765;
-3,812485;
-1,468735;
-1,85936;
-8,10936;
-12,79686;
-15,92186;
-20,99998;
-25,68748;
-33,89061;
-40,92186;
-47,17187;
-56,54687;
-55,76562;
-56,15624;
-57,71874;
-56,93749;
-61,23437;
-56,15624;
-60,06248;
-62,40624;
-58,10936;
-61,23437;
-63,18749;
-60,06248;
-63,57811;
-60,45312;
-63,96874;
-65,14062;
-63,18749;
-63,96874;
-63,57811;
-62,79686;
-66,70312;
-64,75;
-66,31248;
-65,53125;
-66,31248;
-66,31248;
-67,87499;
-65,14062;
-70,60937;
-63,96874;
-66,70312;
-65,92187;
-62,79686;
-63,57811;
-69,43749;
-67,09374;
-69,04686;
-63,18749;
-66,70312;
-67,48437;
-68,65624;
-62,40624;
-65,14062;
-66,70312;
-64,75;
-61,62499;
-64,35937;
-62,40624;
-61,62499;
-62,79686;
-61,62499;
-63,96874;
-62,79686;
-61,23437;
-64,35937;
-64,35937;
-60,45312;
-58,49999;
-59,28125;
-61,62499;
-63,57811;
-60,84373;
-61,23437;
-61,23437;
-55,37499;
-57,32811;
-53,03124;
-60,45312;
-57,32811;
-54,59373;
-53,03124;
-56,15624;
-54,98437;
-56,93749;
-54,59373;
-54,98437;
-58,10936;
-49,90624;
-54,20312;
-53,03124;
-54,59373;
-53,8125;
-49,90624;
-51,07811;
-48,73437;
-48,73437;
-53,03124;
-48,73437;
-48,73437;
-47,17187;
-44,82812;
-39,74998;
-46,39061;
-38,18748;
-37,01561;
-35,84375;
-32,71873;
-29,20311;
-26,85938;
-30,76561;
-25,29686;
-24,125;
-22,56248;
-16,70311;
-16,31248;
-14,74998;
-10,84373;
-9,671875;
-11,62498;
-8,499985;
-6,54686;
-5,76561;
-1,468735;
-3,031235;
0,4843903;
1,656265;
-3,812485;
0,4843903;
-0,2968597;
3,60939;
2,046875;
2,82814;
5,17189;
4,39064;
9,85939;
4,781265;
4,000015;
8,29689;
8,687515;
5,95314;
7,125015;
4,000015;
2,437515;
6,343765;
8,29689;
7,906265;
9,85939;
4,781265;
6,343765;
5,95314;
6,343765;
10,25002;
2,046875;
9,07814;
8,29689;
10,64064;
10,64064;
8,29689;
9,468765;
8,687515;
9,07814;
13,37502;
9,85939;
10,25002;
10,64064;
7,906265;
12,59377;
16,10939;
8,687515;
11,03127;
10,64064;
11,03127;
0,8750153;
12,98439;
13,37502;
14,54689;
13,37502;
14,93752;
14,15627;
12,20314;
11,42189;
6,73439;
12,59377;
13,37502;
15,32814;
36,42189;
12,59377;
11,03127;
13,37502;
18,06252;
11,81252;
11,03127;
13,76562;
14,15627;
11,42189;
17,28127;
5,95314;
7,906265;
14,54689;
14,54689;
13,37502;
14,54689;
12,20314;
15,32814;
15,71877;
13,76562;
12,20314;
11,03127;
13,37502;
12,20314;
11,42189;
10,64064;
13,76562;
10,25002;
11,42189;
19,23439;
11,81252;
11,03127;
9,468765;
11,42189;
9,07814;
7,906265;
6,73439;
9,468765;
5,95314;
9,85939;
6,73439;
3,218765;
4,781265;
1,26564;
2,437515;
1,26564;
-1,468735;
-4,20311;
-8,499985;
-12,01561;
-14,35936;
-22,17186;
-26,07813;
-32,32813;
-40,14061;
-47,17187;
-51,46874;
-54,20312;
-54,98437;
-54,59373;
-56,15624;
-59,28125;
-59,28125;
-58,10936;
-62,79686;
-60,45312;
-61,23437;
-62,01562;
-61,23437;
-65,92187;
-66,70312;
-63,96874;
-66,70312;
-62,40624;
-65,92187;
-66,31248;
-64,75;
-67,48437;
-68,65624;
-64,35937;
-65,92187;
-69,04686;
-67,87499;
-67,09374;
-66,31248;
-65,92187;
-63,96874;
-62,79686;
-69,43749;
-61,62499;
-69,82812;
-67,87499;
-67,48437;
-65,14062;
-66,70312;
-66,70312;
-63,57811;
-64,75;
-59,28125;
-64,75;
-64,75;
-65,14062;
-59,67187;
-62,40624;
-66,70312;
-64,35937;
-63,96874;
-62,79686;
-60,45312;
-63,96874;
-62,40624;
-60,45312;
-58,49999;
-60,45312;
-63,57811;
-61,23437;
-61,23437;
-58,10936;
-57,32811;
-61,23437;
-57,71874;
-60,45312;
-56,15624;
-57,71874;
-55,76562;
-57,32811;
-55,76562;
-49,90624;
-60,06248;
-55,76562;
-54,59373;
-53,8125;
-55,76562;
-52,24999;
-56,93749;
-49,90624;
-53,8125;
-47,95312;
-54,59373;
-49,90624;
-48,34373;
-50,29687;
-47,95312;
-43,65623;
-49,12498;
-45,99999;
-46,78124;
-43,26562;
-39,35936;
-45,99999;
-37,40623;
-40,92186;
-40,14061;
-35,0625;
-32,32813;
-29,20311;
-29,20311;
-28,8125;
-23,34375;
-22,56248;
-24,51561;
-12,40625;
-16,70311;
-12,79686;
-17,48436;
-14,74998;
-10,06248;
-6,54686;
-7,32811;
-6,15625;
-3,421875;
-13,18748;
-4,20311;
-2,64061;
-2,64061;
-0,2968597;
-0,6875;
0,4843903;
0,09376526;
2,046875;
4,39064;
8,29689;
5,95314;
3,218765;
-0,6875;
5,17189;
5,95314;
8,687515;
5,95314;
5,17189;
8,29689;
11,42189;
5,17189;
9,07814;
7,51564;
7,51564;
7,125015;
6,73439;
10,25002;
7,906265;
5,95314;
9,468765;
5,562515;
12,59377;
7,51564;
9,85939;
8,687515;
8,687515;
8,29689;
12,59377;
10,64064;
9,85939;
10,25002;
12,98439;
11,03127;
15,71877;
16,50002;
9,85939;
11,03127;
11,42189;
9,468765;
14,54689;
10,64064;
11,42189;
9,468765;
9,85939;
11,42189;
14,54689;
18,45314;
14,15627;
13,37502;
11,42189;
14,93752;
17,28127;
13,37502;
17,28127;
8,29689;
13,76562;
12,98439;
11,03127;
11,42189;
18,06252;
14,93752;
13,37502;
13,37502;
13,76562;
16,10939;
5,562515;
12,20314;
13,37502;
10,25002;
15,71877;
13,76562;
12,59377;
13,76562;
9,07814;
11,42189;
10,64064;
0,8750153;
11,81252;
10,64064;
12,20314;
11,42189;
13,76562;
10,25002;
9,468765;
10,25002;
10,64064;
8,29689;
13,37502;
7,906265;
11,03127;
5,562515;
9,85939;
1,656265;
4,000015;
4,781265;
2,046875;
-0,6875;
-3,812485;
0,4843903;
-4,20311;
-13,18748;
-14,74998;
-19,82811;
-22,56248;
-27,24998;
-32,71873;
-38,57813;
-49,51562;
-52,64062;
-51,46874;
-60,45312;
-58,89062;
-60,06248;
-60,45312;
-60,06248;
-65,14062;
-62,40624;
-58,89062;
-65,14062;
-59,67187;
-59,28125;
-60,84373;
-62,79686;
-61,62499;
-62,01562;
-61,62499;
-67,48437;
-63,57811;
-62,01562;
-69,43749;
-63,18749;
-65,92187;
-64,35937;
-66,70312;
-67,09374;
-63,57811;
-66,31248;
-68,26562;
-66,70312;
-65,92187;
-67,87499;
-60,06248;
-70,21874;
-60,84373;
-64,75;
-65,53125;
-63,96874;
-68,65624;
-65,92187;
-63,18749;
-67,48437;
-64,35937;
-66,70312;
-69,43749;
-60,45312;
-58,49999;
-59,28125;
-63,18749;
-66,31248;
-62,01562;
-60,84373;
-63,57811;
-65,14062;
-65,14062;
-63,96874;
-57,32811;
-62,40624;
-54,59373;
-63,18749;
-62,01562;
-57,71874;
-58,49999;
-58,49999;
-60,45312;
-56,15624;
-54,20312;
-56,54687;
-56,15624;
-51,46874;
-55,76562;
-57,32811;
-54,98437;
-51,46874;
-55,37499;
-50,68749;
-51,07811;
-52,24999;
-53,8125;
-52,64062;
-51,07811;
-48,73437;
-49,12498;
-51,46874;
-50,29687;
-42,48437;
-49,12498;
-46,39061;
-46,39061;
-42,48437;
-42,09375;
-40,53125;
-42,09375;
-39,35936;
-37,79688;
-37,01561;
-34,28123;
-33,89061;
-26,07813;
-25,29686;
-22,17186;
-23,73436;
-20,60938;
-19,82811;
-17,48436;
-16,31248;
-13,18748;
-13,18748;
-10,06248;
-7,32811;
-8,89061;
-7,32811;
-1,85936;
-3,031235;
-0,2968597;
-3,421875;
-2,249985;
-0,2968597;
-3,812485;
-2,249985;
1,656265;
3,60939;
10,64064;
1,656265;
2,437515;
7,51564;
5,17189;
7,125015;
3,218765;
3,218765;
8,687515;
5,17189;
4,781265;
5,562515;
7,51564;
8,687515;
9,468765;
9,07814;
7,906265;
9,468765;
10,64064;
2,437515;
11,42189;
12,59377;
11,03127;
7,51564;
13,37502;
8,687515;
7,51564;
8,687515;
9,468765;
8,29689;
7,51564;
9,07814;
11,42189;
13,76562;
11,42189;
13,37502;
12,20314;
12,59377;
14,15627;
13,76562;
13,76562;
8,687515;
6,343765;
12,59377;
12,98439;
13,37502;
18,45314;
12,98439;
12,59377;
12,59377;
15,32814;
10,64064;
10,64064;
10,64064;
14,93752;
13,37502;
14,54689;
12,98439;
15,32814;
11,81252;
11,42189;
12,59377;
9,85939;
15,32814;
16,50002;
12,98439;
14,93752;
10,64064;
11,81252;
14,93752;
10,64064;
11,42189;
10,64064;
11,03127;
11,81252;
12,98439;
9,468765;
7,125015;
10,25002;
10,25002;
11,81252;
9,07814;
10,25002;
12,20314;
9,85939;
11,03127;
12,20314;
7,51564;
12,20314;
6,73439;
7,51564;
5,562515;
4,39064;
4,39064;
0,09376526;
3,218765;
2,046875;
3,218765;
-0,2968597;
-2,249985;
-3,812485;
-3,812485;
-10,45311;
-14,74998;
-16,70311;
-22,17186;
-28,8125;
-40,92186;
-49,51562;
-48,73437;
-54,59373;
-56,15624;
-54,98437;
-54,98437;
-59,28125;
-61,62499;
-60,06248;
-55,76562;
-59,28125;
-61,62499;
-63,57811;
-63,96874;
-60,84373;
-65,14062;
-61,62499;
-62,40624;
-63,57811;
-61,62499;
-62,40624;
-63,96874;
-60,45312;
-65,92187;
-67,48437;
-67,09374;
-68,65624;
-64,35937;
-66,31248;
-68,26562;
-64,75;
-70,60937;
-64,35937;
-67,87499;
-66,31248;
-66,70312;
-67,09374;
-67,48437;
-60,84373;
-70,60937;
-66,70312;
-65,92187;
-67,48437;
-67,09374;
-68,26562;
-65,92187;
-64,75;
-63,57811;
-62,79686;
-60,45312;
-69,43749;
-66,70312;
-62,40624;
-57,71874;
-61,62499;
-60,45312;
-65,53125;
-63,18749;
-55,76562;
-62,40624;
-58,89062;
-59,67187;
-56,54687;
-60,84373;
-58,89062;
-60,06248;
-58,89062;
-54,98437;
-60,45312;
-55,37499;
-57,32811;
-57,32811;
-49,12498;
-55,76562;
-54,98437;
-56,54687;
-53,8125;
-49,90624;
-53,8125;
-51,85936;
-51,85936;
-53,03124;
-46,39061;
-51,07811;
-52,64062;
-44,82812;
-50,68749;
-45,99999;
-44,43749;
-46,39061;
-44,43749;
-40,92186;
-45,99999;
-38,57813;
-43,26562;
-36,23436;
-38,57813;
-33,49998;
-28,42186;
-25,29686;
-23,73436;
-22,95311;
-16,70311;
-17,48436;
-17,48436;
-17,09373;
-14,74998;
-11,23436;
-9,671875;
-9,671875;
-7,718735;
-6,54686;
-5,374985;
-1,85936;
2,82814;
-1,468735;
1,26564;
1,26564;
-0,2968597;
7,125015;
5,562515;
4,39064;
2,437515;
5,17189;
7,125015;
5,95314;
5,95314;
6,343765;
2,82814;
5,17189;
7,906265;
7,125015;
5,95314;
5,95314;
7,125015;
8,29689;
5,95314;
10,25002;
6,73439;
8,29689;
6,343765;
3,218765;
-0,6875;
7,51564;
3,60939;
5,95314;
7,51564;
7,51564;
9,468765;
9,07814;
8,29689;
7,51564;
9,468765;
6,343765;
5,95314;
5,95314;
11,42189;
7,125015;
7,125015;
12,59377;
9,07814;
11,03127;
10,64064;
13,37502;
9,07814;
9,07814;
10,64064;
14,15627;
9,468765;
9,468765;
11,03127;
9,85939;
12,20314;
10,25002;
12,98439;
11,42189;
12,98439;
15,32814;
11,03127;
14,54689;
12,98439;
13,76562;
14,15627;
12,59377;
12,20314;
16,10939;
10,64064;
12,20314;
13,76562;
9,468765;
12,20314;
10,25002;
11,81252;
14,93752;
12,20314;
13,76562;
9,07814;
11,03127;
15,32814;
14,54689;
13,37502;
16,10939;
12,20314;
10,64064;
13,37502;
12,20314;
13,76562;
10,64064;
9,85939;
14,93752;
9,85939;
12,20314;
9,468765;
9,468765;
11,81252;
6,343765;
6,73439;
6,343765;
7,906265;
3,218765;
5,95314;
4,39064;
1,656265;
-3,031235;
-3,421875;
-3,812485;
-10,45311;
-14,74998;
-21,78123;
-25,29686;
-32,71873;
-40,14061;
-47,17187;
-50,29687;
-52,64062;
-58,89062;
-58,49999;
-54,20312;
-56,93749;
-59,28125;
-61,23437;
-56,54687;
-63,57811;
-57,71874;
-62,40624;
-62,01562;
-59,28125;
-62,79686;
-62,40624;
-60,84373;
-56,93749;
-63,18749;
-67,87499;
-65,53125;
-66,70312;
-62,79686;
-65,92187;
-58,10936;
-65,92187;
-67,09374;
-65,92187;
-67,48437;
-61,23437;
-65,14062;
-67,48437;
-68,65624;
-63,57811;
-66,70312;
-65,14062;
-61,62499;
-62,01562;
-65,92187;
-65,14062;
-61,23437;
-66,70312;
-65,92187;
-61,62499;
-67,48437;
-63,18749;
-63,57811;
-63,96874;
-61,62499;
-63,57811;
-62,40624;
-64,35937;
-62,01562;
-58,49999;
-64,35937;
-63,18749;
-62,79686;
-63,18749;
-60,84373;
-63,96874;
-60,84373;
-58,49999;
-58,10936;
-63,18749;
-59,28125;
-59,67187;
-60,06248;
-58,89062;
-60,45312;
-56,93749;
-57,71874;
-56,54687;
-56,15624;
-59,28125;
-54,98437;
-50,29687;
-53,03124;
-54,20312;
-54,20312;
-56,93749;
-51,46874;
-52,64062;
-49,51562;
-47,56249;
-49,51562;
-50,29687;
-51,07811;
-47,56249;
-45,21874;
-46,39061;
-45,60936;
-45,99999;
-47,95312;
-38,57813;
-40,14061;
-38,18748;
-35,84375;
-33,89061;
-28,8125;
-29,98436;
-24,51561;
-15,53123;
-22,17186;
-20,60938;
-17,48436;
-13,18748;
-15,53123;
-15,53123;
-12,01561;
-9,281235;
-3,812485;
