0,2734667;
-2,460896;
-0,8992547;
-1,48487;
-2,656102;
-2,070486;
-1,680076;
-1,09446;
-0,313639;
-1,289665;
-2,460896;
-3,048002;
-3,048002;
-3,048002;
-2,656102;
-1,680076;
-3,048002;
-2,851307;
-3,048002;
-0,313639;
-1,875281;
-2,265691;
-3,243207;
-0,8992547;
-3,048002;
-4,609644;
-2,265691;
-1,875281;
-1,48487;
-3,438413;
-0,7040495;
-3,828823;
-2,460896;
-3,828823;
-3,828823;
-2,265691;
-3,243207;
-3,633618;
-1,09446;
-3,048002;
-2,656102;
-2,656102;
-3,243207;
-2,265691;
-2,851307;
-2,851307;
-2,851307;
-4,414439;
-3,828823;
-1,875281;
-2,265691;
-2,851307;
-3,048002;
-2,851307;
-4,804849;
-1,289665;
-3,243207;
-3,633618;
-1,875281;
-2,851307;
-3,048002;
-2,460896;
-3,438413;
-3,828823;
-5,19526;
-4,024028;
-4,609644;
-1,680076;
-1,875281;
-4,024028;
-3,438413;
-3,633618;
-2,265691;
-1,680076;
-3,438413;
-5,977571;
-2,656102;
-2,851307;
-3,243207;
-5,000054;
-3,048002;
-2,851307;
-1,48487;
-6,563186;
-3,243207;
-3,243207;
-5,782365;
-4,609644;
-3,048002;
-4,219234;
-4,219234;
-5,782365;
-3,048002;
-2,656102;
-3,243207;
-1,289665;
-3,438413;
-4,219234;
-1,875281;
-5,782365;
-3,243207;
-4,024028;
-3,438413;
-2,851307;
-4,219234;
-3,633618;
-5,19526;
-3,438413;
-3,438413;
-2,265691;
-4,804849;
-4,024028;
-4,609644;
-5,782365;
-5,782365;
-1,289665;
-4,804849;
-4,609644;
-2,265691;
-4,609644;
-2,656102;
-4,219234;
-4,219234;
-5,000054;
-3,438413;
-3,633618;
-3,438413;
-2,851307;
-4,024028;
-4,609644;
-2,460896;
-5,58567;
-5,58567;
-5,390465;
-3,438413;
-3,438413;
-5,000054;
-4,804849;
-3,243207;
-5,58567;
-7,148802;
-4,219234;
-4,804849;
-4,804849;
-4,414439;
-4,219234;
-4,024028;
-4,609644;
-3,438413;
-1,875281;
-3,828823;
-6,367981;
-2,851307;
-5,390465;
-2,656102;
-3,633618;
-4,609644;
-4,219234;
-5,19526;
-6,953597;
-4,024028;
-3,633618;
-5,19526;
-3,438413;
-5,390465;
-4,609644;
-4,414439;
-3,633618;
-3,438413;
-5,58567;
-4,804849;
-4,804849;
-3,633618;
-3,828823;
-5,58567;
-5,000054;
-4,219234;
-3,438413;
-2,265691;
-4,414439;
-1,875281;
-3,438413;
-3,633618;
-5,390465;
-2,851307;
-4,414439;
-4,609644;
-4,804849;
-6,563186;
-3,438413;
-1,875281;
-7,344007;
-4,414439;
-4,609644;
-4,804849;
-3,438413;
-3,633618;
-2,851307;
-4,609644;
-2,851307;
-2,851307;
-3,633618;
-2,460896;
-5,390465;
-4,609644;
-4,609644;
-4,609644;
-5,782365;
-4,804849;
-3,633618;
-1,48487;
-5,390465;
-4,219234;
-2,460896;
-5,19526;
-4,804849;
-6,563186;
-5,58567;
-4,024028;
-2,851307;
-3,633618;
-5,19526;
-4,414439;
-3,438413;
-4,804849;
-4,804849;
-4,414439;
-5,58567;
-4,024028;
-4,609644;
-4,024028;
-4,414439;
-5,977571;
-4,024028;
-4,414439;
-5,58567;
-3,438413;
-2,070486;
-3,048002;
-3,438413;
-4,609644;
-4,609644;
-2,851307;
-6,758391;
-4,219234;
-4,414439;
-3,243207;
-3,438413;
-5,390465;
-4,024028;
-4,219234;
-5,58567;
-3,828823;
-4,219234;
-5,000054;
-4,024028;
-3,633618;
-4,804849;
-5,782365;
-3,633618;
-3,243207;
-1,875281;
-1,680076;
-2,265691;
-2,460896;
-1,289665;
-2,265691;
-3,633618;
-3,438413;
-2,851307;
-2,070486;
-4,024028;
-3,243207;
-4,609644;
-4,219234;
-4,804849;
-2,460896;
-2,070486;
-1,48487;
-2,265691;
-1,875281;
-2,070486;
-2,851307;
-1,09446;
-3,633618;
-1,09446;
-3,438413;
-2,265691;
-1,875281;
-1,289665;
-0,5088443;
-1,680076;
-1,48487;
-1,09446;
-1,289665;
-0,313639;
-0,5088443;
-0,1169437;
1,444913;
-0,7040495;
-1,875281;
-1,875281;
0,8590823;
1,054288;
1,640225;
3,788663;
4,179288;
4,569913;
6,327725;
5,546475;
3,398037;
5,546475;
5,15585;
4,960538;
5,9371;
6,523038;
5,741787;
7,4996;
7,4996;
8,866789;
9,0621;
6,913663;
8,866789;
7,304288;
7,304288;
8,28085;
11,99179;
10,42929;
8,28085;
11,01523;
11,40585;
9,843351;
11,01523;
11,01523;
11,79648;
10,6246;
12,77304;
13,55429;
13,94491;
13,16366;
13,55429;
13,55429;
14,72616;
12,57773;
16,09335;
16,8746;
14,14023;
13,16366;
16,28866;
16,28866;
18,24179;
17,46054;
20,39023;
20,97616;
20,19491;
18,63241;
20,19491;
18,4371;
17,06991;
20,39023;
20,58554;
21,95273;
22,14804;
21,95273;
21,95273;
22,34335;
22,92929;
21,5621;
21,95273;
22,14804;
22,53866;
24,49179;
23,1246;
23,71054;
25,27304;
26,05429;
26,64023;
26,44491;
25,66366;
25,85898;
26,64023;
27,42148;
28,20273;
28,98398;
29,96054;
27,8121;
30,35116;
29,17929;
29,56992;
30,35116;
31,91366;
28,78866;
32,10898;
33,28085;
31,91366;
32,10898;
31,91366;
32,89023;
32,30429;
31,91366;
33,28085;
34,64804;
33,67148;
33,67148;
34,45272;
34,45272;
36,60117;
34,84335;
37,57773;
37,77304;
33,67148;
36,40585;
35,81991;
36,60117;
36,01522;
37,77304;
37,1871;
36,21054;
36,21054;
39,53085;
37,38241;
37,38241;
39,33554;
38,35898;
38,16367;
40,70273;
39,92148;
38,35898;
37,96835;
38,55429;
39,33554;
40,3121;
39,72617;
39,72617;
43,63242;
39,72617;
41,67929;
39,72617;
40,50742;
38,94492;
38,94492;
40,70273;
40,50742;
38,7496;
39,92148;
41,48398;
41,09335;
40,11679;
40,50742;
41,09335;
40,50742;
40,3121;
40,50742;
40,3121;
41,8746;
39,53085;
41,28867;
41,48398;
41,67929;
39,33554;
41,48398;
39,92148;
41,09335;
40,11679;
39,92148;
40,89804;
41,09335;
40,50742;
41,09335;
41,28867;
39,53085;
41,48398;
40,50742;
40,50742;
39,14023;
38,7496;
40,70273;
40,11679;
41,48398;
39,92148;
39,92148;
39,53085;
38,35898;
37,96835;
39,72617;
38,7496;
38,55429;
39,72617;
41,09335;
38,55429;
38,7496;
36,60117;
37,57773;
37,1871;
39,53085;
36,40585;
36,99179;
35,03867;
36,01522;
38,16367;
36,79648;
36,21054;
34,45272;
40,11679;
37,57773;
36,40585;
36,99179;
35,81991;
34,64804;
34,84335;
33,86679;
34,0621;
33,47617;
36,21054;
35,03867;
34,84335;
32,4996;
34,64804;
31,91366;
32,4996;
31,32773;
30,54648;
31,32773;
27,61679;
30,9371;
29,17929;
29,17929;
28,78866;
28,20273;
25,46835;
30,35116;
28,59335;
27,8121;
28,78866;
26,83554;
27,42148;
25,66366;
26,05429;
25,07773;
23,90585;
23,51523;
22,73398;
25,27304;
24,29648;
23,51523;
24,10116;
19,02304;
22,14804;
22,73398;
21,95273;
20,97616;
20,39023;
18,4371;
17,46054;
17,85116;
17,06991;
19,02304;
17,06991;
17,85116;
16,09335;
17,46054;
13,94491;
17,46054;
15,3121;
16,28866;
12,96835;
12,38241;
13,7496;
12,57773;
11,99179;
12,1871;
13,7496;
11,01523;
11,60116;
11,60116;
10,23398;
10,42929;
10,42929;
8,476163;
7,4996;
7,108975;
8,866789;
9,0621;
8,866789;
8,085538;
8,671475;
7,890225;
6,71835;
6,523038;
8,476163;
4,765225;
6,132412;
6,523038;
4,569913;
5,351163;
5,15585;
6,523038;
4,765225;
4,960538;
5,741787;
1,054288;
2,616788;
3,788663;
5,741787;
4,179288;
4,960538;
2,616788;
3,398037;
2,421475;
3,007413;
1,054288;
1,2496;
-0,8992547;
-0,7040495;
-0,8992547;
-0,1169437;
-2,460896;
1,054288;
-1,289665;
-0,7040495;
0,07826149;
-1,875281;
-0,8992547;
-1,680076;
0,07826149;
-3,048002;
-1,09446;
-2,460896;
-1,48487;
-0,8992547;
-4,024028;
-2,851307;
-2,851307;
-3,243207;
-0,7040495;
-1,09446;
-1,09446;
-3,243207;
-2,070486;
-1,09446;
-3,438413;
-3,048002;
-0,7040495;
-5,000054;
-3,438413;
-1,48487;
-3,048002;
-1,289665;
-3,243207;
-2,460896;
-2,656102;
-2,460896;
-2,070486;
-1,289665;
-3,243207;
-3,633618;
-3,243207;
-3,633618;
-2,851307;
-2,460896;
-3,828823;
-3,633618;
-2,265691;
-4,024028;
-0,5088443;
-1,48487;
-1,289665;
-3,633618;
-2,460896;
-2,656102;
-2,656102;
-1,680076;
-3,828823;
-3,243207;
-1,875281;
-2,851307;
-3,243207;
-3,048002;
-3,048002;
-4,414439;
-4,609644;
-2,851307;
-2,265691;
-3,828823;
-2,460896;
-2,265691;
-3,243207;
-4,804849;
-3,048002;
-4,414439;
-2,460896;
-4,024028;
-5,390465;
-2,460896;
-1,680076;
-4,219234;
-2,851307;
-3,048002;
-2,265691;
-3,438413;
-4,024028;
-3,243207;
-2,656102;
-1,875281;
-3,633618;
-4,804849;
-3,438413;
-4,609644;
-2,851307;
-4,804849;
-3,048002;
-3,828823;
-4,609644;
-4,024028;
-2,460896;
-1,875281;
-2,460896;
-3,243207;
-3,828823;
-3,438413;
-3,048002;
-4,414439;
-2,656102;
-1,875281;
-3,243207;
-4,024028;
-2,851307;
-4,414439;
-3,243207;
-6,172776;
-4,414439;
-3,048002;
-2,265691;
-2,265691;
-2,460896;
-4,609644;
-5,782365;
-4,414439;
-5,19526;
-3,828823;
-3,828823;
-5,58567;
-2,265691;
-3,243207;
-2,265691;
-4,219234;
-3,243207;
-4,609644;
-3,633618;
-2,851307;
-4,609644;
-4,219234;
-4,609644;
-4,414439;
-2,460896;
-3,633618;
-3,828823;
-3,828823;
-8,516728;
-2,656102;
-5,58567;
-4,414439;
-2,265691;
-2,656102;
-4,609644;
-2,851307;
-4,414439;
-4,024028;
-4,414439;
-4,804849;
-1,680076;
-4,414439;
-6,172776;
-4,414439;
-2,851307;
-3,828823;
-4,414439;
-4,414439;
-2,460896;
-4,804849;
-5,390465;
-4,804849;
-3,633618;
-5,58567;
-4,219234;
-4,609644;
-4,219234;
-3,438413;
-4,024028;
-4,219234;
-5,390465;
-4,414439;
-3,048002;
-7,344007;
-4,804849;
-2,851307;
-3,048002;
-0,313639;
-4,414439;
-3,438413;
-5,977571;
-6,758391;
-4,219234;
-4,804849;
-4,804849;
-3,438413;
-3,048002;
-5,390465;
-2,656102;
-4,609644;
-4,804849;
-3,243207;
-4,609644;
-4,804849;
-4,414439;
-2,656102;
-2,656102;
-2,656102;
-3,828823;
-5,000054;
-4,024028;
-5,000054;
-5,19526;
-5,000054;
-4,804849;
-2,656102;
-3,438413;
-4,024028;
-3,438413;
-3,438413;
-5,000054;
-1,875281;
-5,000054;
-6,563186;
-4,219234;
-6,563186;
-2,656102;
-3,828823;
-4,609644;
-4,219234;
-4,414439;
-3,048002;
-4,024028;
-7,148802;
-4,414439;
-3,828823;
-5,000054;
-4,219234;
-5,19526;
-4,024028;
-5,19526;
-4,414439;
-3,243207;
-3,828823;
-5,19526;
-5,390465;
-4,804849;
-2,460896;
-2,070486;
-5,19526;
-3,048002;
-5,000054;
-4,219234;
-0,8992547;
-2,656102;
-4,414439;
-3,438413;
-1,875281;
-4,219234;
-4,024028;
-5,390465;
-6,367981;
-2,656102;
-4,414439;
-3,828823;
-2,265691;
-2,070486;
-4,024028;
-4,414439;
-2,851307;
-1,680076;
-4,609644;
-3,438413;
-3,048002;
-3,438413;
-2,460896;
-4,024028;
-2,851307;
-2,656102;
-3,048002;
-2,460896;
-3,243207;
-0,8992547;
-3,048002;
-3,048002;
-2,460896;
-5,390465;
-3,243207;
-2,656102;
-3,633618;
-1,680076;
-3,048002;
-0,7040495;
-1,48487;
-1,680076;
-0,5088443;
-0,5088443;
0,6638771;
-2,265691;
-3,243207;
0,6638771;
-1,289665;
-0,7040495;
-0,7040495;
0,8590823;
-0,1169437;
-1,289665;
0,07826149;
-0,313639;
-0,8992547;
0,8590823;
1,835538;
2,616788;
5,546475;
3,788663;
4,3746;
6,132412;
3,788663;
3,983975;
4,3746;
5,15585;
6,132412;
6,71835;
7,4996;
6,71835;
6,523038;
7,694913;
6,327725;
9,0621;
8,671475;
7,890225;
9,452726;
8,671475;
9,843351;
10,6246;
8,866789;
8,866789;
9,0621;
12,57773;
12,77304;
11,60116;
12,57773;
12,38241;
11,99179;
11,40585;
12,77304;
12,96835;
13,7496;
14,53085;
13,94491;
15,3121;
14,72616;
13,16366;
14,92148;
15,50741;
15,3121;
19,80429;
17,26523;
17,85116;
17,85116;
19,21835;
18,4371;
18,04648;
19,60898;
18,4371;
21,5621;
19,60898;
20,97616;
21,5621;
21,95273;
23,1246;
22,92929;
22,92929;
21,95273;
24,10116;
24,10116;
23,31991;
23,1246;
24,88241;
21,75741;
25,66366;
24,49179;
25,85898;
25,46835;
26,05429;
25,07773;
27,8121;
27,42148;
28,98398;
28,20273;
26,64023;
27,61679;
28,78866;
29,96054;
27,8121;
30,15585;
29,96054;
31,32773;
30,54648;
30,54648;
31,13242;
32,30429;
33,28085;
31,71835;
32,89023;
30,54648;
32,69491;
33,28085;
35,03867;
34,64804;
35,6246;
32,89023;
35,03867;
34,64804;
37,1871;
36,60117;
34,84335;
37,1871;
35,03867;
36,01522;
37,38241;
35,6246;
36,01522;
35,42929;
37,57773;
36,60117;
38,55429;
38,94492;
38,55429;
37,57773;
39,33554;
38,35898;
38,35898;
39,92148;
36,60117;
38,55429;
40,3121;
39,72617;
38,94492;
40,3121;
38,55429;
38,94492;
40,3121;
40,50742;
42,26523;
40,70273;
38,7496;
39,92148;
43,04647;
40,70273;
40,50742;
39,92148;
42,26523;
41,28867;
38,94492;
42,26523;
39,92148;
36,99179;
40,11679;
42,85117;
42,26523;
40,50742;
40,70273;
41,8746;
42,26523;
42,46054;
41,67929;
41,48398;
42,46054;
41,48398;
39,72617;
41,28867;
40,70273;
39,33554;
41,48398;
39,14023;
42,65585;
40,11679;
41,67929;
39,72617;
37,96835;
42,46054;
38,7496;
40,89804;
41,48398;
38,94492;
38,94492;
41,28867;
39,14023;
41,09335;
39,92148;
40,11679;
39,92148;
40,11679;
38,94492;
41,48398;
39,33554;
38,94492;
36,60117;
37,38241;
38,7496;
38,55429;
36,21054;
37,1871;
38,55429;
37,38241;
38,16367;
37,57773;
37,77304;
35,03867;
36,99179;
35,81991;
36,40585;
33,67148;
35,23398;
36,01522;
33,08554;
33,08554;
33,28085;
33,28085;
34,84335;
32,30429;
33,08554;
30,15585;
33,86679;
32,30429;
34,45272;
30,15585;
32,89023;
30,15585;
31,71835;
28,00742;
31,32773;
29,56992;
30,35116;
30,35116;
30,15585;
28,78866;
27,8121;
26,44491;
27,22616;
26,2496;
27,03085;
26,05429;
27,03085;
23,51523;
25,07773;
24,88241;
23,71054;
24,6871;
20,19491;
22,92929;
23,1246;
22,14804;
22,14804;
22,34335;
22,73398;
20,58554;
19,9996;
18,4371;
17,65585;
19,60898;
21,95273;
20,19491;
18,82773;
15,89804;
19,02304;
18,24179;
16,09335;
16,67929;
15,50741;
15,11679;
12,57773;
13,55429;
13,16366;
12,96835;
13,35898;
12,96835;
11,79648;
11,40585;
11,79648;
10,42929;
9,452726;
11,21054;
8,671475;
10,23398;
10,6246;
8,28085;
9,452726;
8,866789;
7,890225;
7,304288;
8,28085;
7,694913;
5,15585;
8,476163;
6,132412;
6,913663;
5,546475;
6,132412;
5,9371;
6,523038;
5,741787;
4,569913;
6,71835;
4,3746;
5,351163;
4,179288;
5,351163;
3,788663;
4,179288;
2,616788;
1,054288;
2,8121;
3,202725;
2,03085;
-1,09446;
-2,656102;
0,4686719;
0,8590823;
-0,8992547;
-6,563186;
-2,460896;
-1,875281;
1,054288;
-1,09446;
-2,265691;
-0,313639;
-0,7040495;
0,07826149;
-2,070486;
-1,289665;
-3,438413;
-0,1169437;
-1,48487;
-3,048002;
-1,48487;
-1,680076;
-1,48487;
-2,656102;
-2,070486;
-2,851307;
-0,8992547;
-2,656102;
-2,656102;
-3,828823;
-2,460896;
-4,609644;
-2,656102;
-2,460896;
-1,289665;
-3,828823;
-2,460896;
-1,48487;
-3,828823;
-1,680076;
-4,609644;
-1,48487;
-2,851307;
-3,243207;
-1,48487;
-2,851307;
-1,680076;
-3,633618;
-4,609644;
-2,656102;
-4,219234;
-4,024028;
-3,048002;
-3,048002;
-3,048002;
-2,460896;
-2,070486;
-3,438413;
-2,265691;
-4,804849;
-3,243207;
-2,851307;
-1,289665;
-1,289665;
-4,414439;
-4,609644;
-2,070486;
-3,828823;
-4,219234;
-3,438413;
-2,656102;
-5,58567;
-2,265691;
-1,48487;
-1,875281;
-0,8992547;
-1,875281;
-3,048002;
-2,070486;
-3,048002;
-1,680076;
-4,219234;
-0,8992547;
-4,024028;
-1,680076;
-2,656102;
-4,414439;
-3,828823;
-3,438413;
-3,633618;
-4,219234;
-2,851307;
-2,460896;
-3,828823;
-1,680076;
-1,680076;
-2,460896;
-3,243207;
-4,414439;
-3,438413;
-4,024028;
-1,680076;
-4,024028;
-3,438413;
-4,024028;
-1,48487;
-2,460896;
-4,609644;
-2,656102;
-2,851307;
-5,58567;
-4,414439;
-3,438413;
-3,828823;
-5,58567;
-2,265691;
-0,7040495;
-4,024028;
-4,219234;
-2,265691;
-4,024028;
-2,070486;
-3,438413;
-3,633618;
-3,633618;
-1,875281;
-4,024028;
-2,656102;
-4,219234;
-3,048002;
-5,782365;
-2,851307;
-4,219234;
-5,19526;
-3,048002;
-4,219234;
-3,243207;
-4,804849;
-4,024028;
-2,851307;
-5,19526;
-2,851307;
-4,024028;
-4,414439;
-4,219234;
-5,000054;
-4,024028;
-3,438413;
-4,414439;
-2,851307;
-2,460896;
-4,414439;
-3,438413;
-5,977571;
-3,633618;
-3,048002;
-3,633618;
-6,563186;
-4,804849;
-1,680076;
-2,460896;
-3,828823;
-4,024028;
-4,024028;
-2,656102;
-3,828823;
-3,828823;
-2,265691;
-4,609644;
-5,390465;
-5,000054;
-3,243207;
-4,804849;
-3,828823;
-3,438413;
-6,758391;
-5,000054;
-3,828823;
-3,048002;
-4,414439;
-4,219234;
-4,219234;
-3,633618;
-2,851307;
-6,367981;
-4,414439;
-2,851307;
-5,390465;
-5,782365;
-5,000054;
-4,414439;
-6,953597;
-3,438413;
-3,828823;
-3,243207;
-6,367981;
-4,804849;
-3,048002;
-2,070486;
-5,390465;
-5,58567;
-3,438413;
-4,609644;
-4,804849;
-3,828823;
-4,609644;
-8,320033;
-4,219234;
-2,851307;
-3,243207;
-5,000054;
-2,070486;
-6,172776;
-5,19526;
-4,414439;
-4,024028;
-5,782365;
-5,58567;
-4,804849;
-3,438413;
-4,219234;
-3,243207;
-5,000054;
-2,851307;
-6,563186;
-4,804849;
-5,782365;
-4,804849;
-4,804849;
-2,851307;
-5,19526;
-4,414439;
-3,243207;
-2,656102;
-3,828823;
-3,633618;
-4,024028;
-3,438413;
-5,58567;
-4,609644;
-5,19526;
-2,265691;
-3,243207;
-5,977571;
-3,438413;
-5,19526;
-3,048002;
-5,58567;
-5,782365;
-5,390465;
-3,828823;
-6,367981;
-3,438413;
-4,609644;
-2,265691;
-4,414439;
-2,070486;
-2,656102;
-3,633618;
-5,19526;
-3,048002;
-4,024028;
-2,070486;
-2,851307;
-7,344007;
-1,875281;
-3,633618;
-3,048002;
-5,19526;
-4,414439;
-2,656102;
-4,414439;
-2,656102;
-3,438413;
-2,851307;
-3,438413;
-2,070486;
-3,828823;
-3,438413;
-2,070486;
-3,438413;
-3,633618;
-1,09446;
-3,438413;
-2,460896;
-3,048002;
-3,438413;
-2,265691;
-3,048002;
-3,048002;
-2,070486;
-0,7040495;
-4,219234;
-4,414439;
-2,851307;
-1,680076;
-0,8992547;
-1,289665;
-1,09446;
-0,313639;
-1,289665;
0,4686719;
-0,8992547;
0,07826149;
-2,265691;
-0,8992547;
-1,289665;
-0,7040495;
-1,289665;
1,640225;
0,8590823;
2,421475;
3,007413;
4,3746;
4,765225;
3,398037;
7,304288;
5,15585;
4,765225;
6,327725;
6,71835;
6,132412;
5,546475;
6,132412;
7,304288;
8,085538;
8,476163;
8,476163;
7,304288;
9,0621;
8,866789;
8,671475;
7,304288;
9,452726;
10,81991;
12,1871;
10,6246;
9,843351;
10,23398;
10,03866;
11,79648;
11,01523;
14,53085;
11,99179;
13,7496;
12,96835;
13,35898;
15,11679;
14,92148;
13,55429;
14,14023;
13,7496;
15,3121;
16,8746;
16,48398;
15,89804;
18,82773;
17,46054;
17,46054;
18,04648;
20,19491;
20,19491;
19,02304;
19,60898;
19,41366;
20,97616;
20,39023;
20,78085;
20,58554;
22,14804;
20,19491;
23,51523;
22,14804;
20,58554;
21,75741;
23,51523;
22,92929;
24,6871;
23,90585;
25,27304;
25,07773;
25,46835;
25,46835;
25,66366;
26,2496;
25,07773;
27,42148;
26,83554;
28,00742;
28,59335;
29,3746;
29,3746;
29,96054;
28,98398;
31,32773;
30,54648;
31,13242;
29,76522;
31,13242;
32,69491;
28,59335;
31,71835;
31,71835;
28,39804;
32,69491;
32,10898;
34,0621;
35,23398;
31,91366;
33,67148;
34,25741;
34,45272;
33,08554;
33,67148;
35,6246;
38,16367;
36,21054;
34,64804;
34,64804;
36,21054;
36,99179;
36,21054;
37,1871;
36,21054;
36,99179;
38,35898;
37,57773;
37,96835;
37,38241;
38,94492;
39,92148;
37,38241;
39,92148;
39,33554;
38,35898;
36,79648;
38,55429;
38,7496;
41,48398;
39,72617;
40,89804;
38,94492;
40,50742;
40,50742;
39,33554;
40,50742;
41,8746;
40,50742;
41,48398;
41,48398;
40,50742;
39,72617;
39,92148;
40,89804;
41,09335;
43,4371;
41,48398;
39,72617;
39,92148;
41,67929;
41,8746;
41,48398;
41,48398;
39,14023;
40,89804;
38,7496;
40,70273;
40,89804;
43,24179;
43,24179;
42,46054;
41,28867;
42,06992;
42,26523;
41,8746;
40,50742;
41,48398;
40,3121;
40,3121;
41,28867;
40,70273;
40,3121;
40,50742;
39,72617;
40,3121;
41,09335;
39,92148;
40,89804;
41,28867;
42,26523;
40,11679;
39,53085;
40,89804;
39,72617;
39,53085;
39,33554;
39,53085;
38,7496;
38,35898;
39,53085;
37,77304;
37,57773;
39,14023;
37,96835;
37,96835;
38,7496;
38,7496;
37,57773;
35,42929;
37,38241;
37,38241;
36,79648;
37,1871;
35,03867;
35,23398;
36,01522;
33,47617;
33,28085;
32,4996;
33,86679;
33,47617;
31,71835;
32,89023;
33,86679;
34,25741;
32,69491;
30,35116;
31,52304;
31,52304;
29,76522;
30,35116;
30,9371;
27,42148;
28,39804;
29,17929;
29,17929;
29,17929;
27,42148;
27,8121;
28,00742;
26,64023;
25,46835;
25,27304;
25,07773;
25,07773;
26,2496;
25,07773;
25,85898;
24,6871;
24,10116;
23,31991;
22,34335;
20,78085;
20,39023;
23,1246;
20,78085;
20,58554;
19,60898;
19,21835;
20,58554;
17,06991;
17,85116;
19,41366;
18,63241;
18,82773;
15,3121;
17,06991;
14,14023;
16,28866;
15,89804;
13,94491;
15,50741;
14,14023;
14,53085;
14,14023;
14,53085;
11,60116;
13,35898;
12,38241;
13,35898;
10,42929;
11,79648;
10,03866;
9,843351;
10,42929;
9,648039;
10,03866;
10,23398;
8,476163;
7,304288;
6,132412;
6,913663;
8,085538;
5,546475;
8,866789;
8,866789;
6,132412;
6,132412;
5,546475;
5,351163;
4,3746;
5,15585;
6,327725;
5,741787;
5,15585;
4,569913;
3,007413;
3,202725;
3,788663;
3,202725;
5,546475;
4,569913;
4,179288;
5,9371;
2,421475;
2,421475;
3,202725;
2,226162;
-1,875281;
-0,313639;
1,054288;
-2,460896;
-1,09446;
-1,680076;
-1,48487;
-0,5088443;
0,4686719;
-2,460896;
-2,070486;
-0,8992547;
-0,1169437;
-1,875281;
-1,289665;
-1,289665;
-3,048002;
-1,48487;
-1,875281;
-3,633618;
-2,656102;
-2,070486;
-2,265691;
-1,875281;
-4,609644;
-1,289665;
-3,438413;
-1,09446;
-2,656102;
0,4686719;
-4,219234;
-1,680076;
-2,851307;
-4,024028;
-0,313639;
-2,265691;
-0,5088443;
-4,024028;
-1,680076;
-2,460896;
-2,070486;
-3,633618;
-2,265691;
-1,680076;
-2,070486;
-3,438413;
-5,782365;
-3,633618;
-3,048002;
-3,048002;
-2,851307;
-2,265691;
-2,070486;
-3,243207;
-1,09446;
-1,48487;
-5,977571;
-3,633618;
-4,804849;
-5,19526;
-1,875281;
-4,024028;
-2,070486;
-2,851307;
-2,070486;
-1,875281;
-3,438413;
-4,414439;
-2,851307;
-2,460896;
-3,828823;
-2,460896;
-4,414439;
-4,804849;
-3,243207;
-4,219234;
-3,438413;
-4,609644;
-3,438413;
-3,438413;
-3,048002;
-2,851307;
-3,048002;
-2,265691;
-4,024028;
-2,851307;
-5,390465;
-3,633618;
-5,782365;
-3,243207;
-2,656102;
-2,460896;
-3,633618;
-2,070486;
-4,219234;
-2,070486;
-3,438413;
-4,024028;
-5,390465;
-1,680076;
-1,875281;
-3,828823;
-3,048002;
-3,633618;
-2,656102;
-1,48487;
-2,070486;
-4,414439;
-2,070486;
-3,048002;
-4,609644;
-3,828823;
-4,414439;
-4,609644;
-5,782365;
-4,219234;
-4,024028;
-3,438413;
-2,656102;
-3,048002;
-4,024028;
-4,024028;
-5,19526;
-3,828823;
-2,070486;
-2,460896;
-4,024028;
-4,804849;
-3,633618;
-3,633618;
-3,438413;
-4,804849;
-3,633618;
-4,219234;
-2,070486;
-4,609644;
-5,782365;
-2,656102;
-4,609644;
-4,024028;
-4,024028;
-4,414439;
-3,048002;
-4,219234;
-4,024028;
-4,219234;
-4,414439;
-4,804849;
-1,48487;
-3,633618;
-3,048002;
-3,633618;
-2,460896;
-4,804849;
-3,828823;
-4,219234;
-3,828823;
-2,851307;
-3,243207;
-4,414439;
-6,172776;
-4,024028;
-5,390465;
-3,828823;
-4,024028;
-4,414439;
-3,828823;
-5,19526;
-4,219234;
-3,438413;
-5,19526;
-4,024028;
-2,851307;
-4,609644;
-3,828823;
-6,172776;
-4,609644;
-4,024028;
-3,633618;
-3,048002;
-3,438413;
-3,048002;
-4,414439;
-5,782365;
-5,390465;
-3,048002;
-3,633618;
-4,219234;
-1,875281;
-4,024028;
-5,782365;
-2,265691;
-5,19526;
-4,414439;
-3,438413;
-5,000054;
-8,907139;
-3,828823;
-3,828823;
-4,024028;
-2,656102;
-5,19526;
-4,219234;
-4,024028;
-3,048002;
-4,804849;
-3,438413;
-3,828823;
-4,219234;
-5,58567;
-5,390465;
-4,414439;
-3,048002;
-3,828823;
-4,024028;
-3,048002;
-4,219234;
-5,000054;
-5,000054;
-4,024028;
-2,851307;
-4,804849;
-3,633618;
-0,7040495;
-3,048002;
-3,048002;
-4,024028;
-5,58567;
-4,804849;
-2,265691;
-1,680076;
-4,609644;
-4,024028;
-5,000054;
-4,219234;
-3,633618;
-3,828823;
-1,875281;
-4,414439;
-3,243207;
-3,048002;
-5,58567;
-3,048002;
-3,633618;
-4,219234;
-3,633618;
-2,265691;
-3,048002;
-3,828823;
-3,828823;
-2,656102;
-7,148802;
-3,828823;
-2,265691;
-3,048002;
-3,048002;
-3,438413;
-3,828823;
-4,609644;
-3,048002;
-3,438413;
-3,828823;
-1,48487;
-4,024028;
-4,609644;
-4,609644;
-3,438413;
-3,438413;
-2,656102;
-4,609644;
-4,804849;
-1,875281;
-2,460896;
-3,438413;
-3,438413;
-2,460896;
-3,048002;
-2,460896;
-4,219234;
-1,875281;
-2,656102;
-1,875281;
-2,070486;
-3,828823;
-2,851307;
-3,828823;
-4,414439;
-2,265691;
1,640225;
-1,680076;
-1,09446;
-1,09446;
-2,656102;
-2,851307;
-4,219234;
-1,875281;
-1,680076;
-0,8992547;
-0,8992547;
-1,680076;
-1,289665;
-2,070486;
-1,680076;
-1,680076;
0,07826149;
2,226162;
-0,313639;
-2,851307;
0,6638771;
-0,1169437;
2,03085;
3,59335;
3,398037;
6,71835;
4,960538;
4,765225;
4,3746;
4,960538;
3,202725;
6,523038;
6,132412;
7,304288;
6,327725;
5,15585;
7,304288;
7,304288;
8,476163;
7,4996;
9,452726;
7,694913;
9,0621;
9,843351;
7,890225;
11,79648;
8,671475;
10,6246;
10,81991;
9,452726;
10,42929;
11,40585;
12,1871;
11,79648;
11,40585;
15,11679;
12,1871;
13,35898;
14,33554;
12,38241;
14,53085;
15,11679;
16,28866;
14,72616;
15,50741;
16,67929;
14,72616;
17,26523;
15,3121;
17,26523;
18,63241;
18,82773;
17,46054;
19,02304;
18,63241;
19,80429;
20,19491;
18,4371;
20,19491;
20,19491;
20,78085;
24,29648;
20,58554;
20,39023;
22,73398;
24,49179;
24,29648;
23,51523;
27,03085;
24,10116;
25,66366;
24,6871;
26,05429;
25,46835;
25,07773;
26,64023;
28,00742;
28,20273;
28,00742;
29,76522;
28,98398;
28,98398;
28,78866;
32,30429;
28,59335;
29,96054;
29,17929;
31,91366;
31,71835;
29,17929;
32,10898;
32,69491;
31,13242;
34,25741;
33,47617;
31,13242;
34,64804;
34,0621;
35,23398;
33,67148;
34,64804;
36,01522;
35,81991;
36,79648;
35,23398;
35,81991;
36,40585;
35,23398;
36,21054;
36,79648;
36,99179;
36,79648;
35,6246;
37,77304;
38,16367;
35,03867;
38,94492;
37,96835;
37,96835;
38,55429;
39,33554;
38,16367;
39,53085;
39,14023;
37,96835;
40,50742;
39,92148;
38,35898;
39,14023;
40,50742;
39,72617;
40,89804;
39,33554;
40,70273;
40,11679;
39,53085;
39,92148;
39,14023;
39,92148;
41,28867;
38,7496;
42,06992;
41,48398;
41,48398;
40,50742;
40,70273;
40,50742;
41,8746;
40,70273;
42,46054;
40,11679;
40,11679;
40,70273;
40,70273;
40,11679;
41,48398;
43,04647;
40,50742;
40,50742;
43,63242;
40,11679;
42,46054;
40,70273;
40,89804;
42,26523;
40,3121;
42,06992;
40,11679;
40,89804;
40,89804;
40,3121;
41,67929;
39,72617;
40,50742;
36,79648;
41,67929;
40,70273;
40,11679;
39,92148;
40,3121;
40,11679;
41,67929;
40,50742;
39,53085;
41,67929;
39,53085;
38,7496;
39,33554;
39,53085;
38,94492;
40,70273;
37,57773;
37,38241;
35,42929;
37,77304;
37,1871;
38,35898;
36,99179;
34,64804;
36,21054;
35,23398;
36,99179;
35,6246;
34,45272;
35,6246;
37,1871;
35,23398;
30,15585;
34,25741;
32,89023;
35,03867;
34,25741;
33,67148;
31,91366;
30,9371;
33,86679;
32,4996;
32,10898;
30,15585;
31,13242;
31,52304;
29,96054;
30,35116;
28,00742;
28,98398;
26,83554;
28,98398;
28,78866;
27,61679;
27,22616;
27,8121;
25,85898;
24,6871;
26,64023;
26,2496;
24,6871;
23,71054;
24,88241;
23,71054;
24,6871;
23,71054;
24,88241;
23,51523;
21,5621;
21,36679;
19,80429;
21,36679;
19,9996;
19,80429;
18,82773;
18,04648;
16,48398;
16,28866;
17,65585;
17,26523;
18,04648;
17,46054;
17,06991;
16,67929;
14,53085;
14,72616;
13,94491;
12,96835;
13,35898;
15,50741;
14,53085;
14,72616;
12,38241;
13,55429;
12,57773;
10,81991;
9,843351;
10,42929;
10,81991;
11,79648;
10,81991;
7,890225;
8,671475;
5,546475;
7,694913;
7,890225;
7,304288;
7,890225;
5,15585;
6,71835;
5,9371;
6,71835;
5,351163;
5,546475;
5,15585;
5,546475;
5,546475;
4,3746;
5,546475;
0,4686719;
5,9371;
4,765225;
5,546475;
3,59335;
3,983975;
3,788663;
2,226162;
3,59335;
3,007413;
2,616788;
2,226162;
1,054288;
3,398037;
1,835538;
-0,8992547;
0,07826149;
-1,09446;
-0,5088443;
1,835538;
-1,48487;
-1,875281;
-1,48487;
-1,875281;
-0,7040495;
-0,7040495;
-0,7040495;
-1,875281;
-1,680076;
-0,313639;
-2,656102;
0,07826149;
-4,024028;
-2,070486;
-2,656102;
-2,460896;
-3,828823;
-2,265691;
-2,460896;
-3,438413;
-1,289665;
-2,851307;
-3,243207;
-2,460896;
-1,875281;
-4,219234;
-3,828823;
-1,289665;
-3,048002;
-2,656102;
-2,460896;
-2,851307;
-0,1169437;
-2,460896;
-4,219234;
-2,656102;
-1,48487;
-3,048002;
-3,438413;
-2,265691;
-3,243207;
-2,265691;
-5,000054;
-2,265691;
-2,265691;
-4,024028;
-3,438413;
-3,243207;
-2,851307;
-1,875281;
-5,000054;
-2,656102;
-5,58567;
-3,633618;
-3,048002;
-2,851307;
-2,460896;
-4,804849;
-3,633618;
-3,243207;
-3,438413;
-2,265691;
-5,390465;
-5,000054;
-4,609644;
-4,219234;
-2,656102;
-2,265691;
-3,243207;
-2,265691;
-1,48487;
-5,58567;
-3,633618;
-4,609644;
-4,414439;
-3,633618;
-3,828823;
-4,024028;
-4,024028;
-4,414439;
-2,851307;
-1,875281;
-5,000054;
-3,243207;
-4,219234;
-1,875281;
-3,048002;
-3,048002;
-3,828823;
-4,414439;
-3,633618;
-3,633618;
-1,875281;
-2,851307;
-2,265691;
-3,438413;
-3,633618;
-1,289665;
-4,804849;
-4,024028;
-5,390465;
-2,460896;
-4,219234;
-3,828823;
-5,390465;
-4,219234;
-3,438413;
-4,414439;
-3,633618;
-3,633618;
-3,438413;
-5,19526;
-3,048002;
-4,219234;
-5,58567;
-3,048002;
-3,633618;
-2,265691;
-2,656102;
-2,851307;
-5,390465;
-1,875281;
-3,438413;
-0,7040495;
-3,633618;
-4,414439;
-1,875281;
-2,656102;
-3,633618;
-3,438413;
-5,000054;
-4,609644;
-4,609644;
-3,438413;
-2,460896;
-5,782365;
-1,680076;
-3,243207;
-3,633618;
-3,828823;
-2,656102;
-3,633618;
-5,390465;
-4,609644;
-5,58567;
-3,048002;
-2,851307;
-4,219234;
-3,633618;
-5,58567;
-4,609644;
-4,024028;
-5,000054;
-4,804849;
-4,414439;
-4,414439;
-4,609644;
-4,219234;
-3,243207;
-3,633618;
-5,000054;
-5,58567;
-6,367981;
-4,024028;
-5,390465;
-3,048002;
-2,851307;
-4,219234;
-1,680076;
-3,243207;
-1,48487;
-5,19526;
-5,390465;
-4,609644;
-2,851307;
-4,024028;
-3,243207;
-2,265691;
-4,219234;
-2,460896;
-5,782365;
-2,656102;
-5,19526;
-5,000054;
-5,977571;
-4,609644;
-3,828823;
-3,633618;
-4,219234;
-5,58567;
-5,390465;
-3,048002;
-4,609644;
-3,633618;
-3,438413;
-4,414439;
-3,633618;
-4,414439;
-4,024028;
-4,219234;
-4,804849;
-5,19526;
-5,000054;
-8,907139;
-2,851307;
-3,048002;
-5,782365;
-5,390465;
-4,024028;
-4,609644;
-3,243207;
-2,851307;
-3,633618;
-3,438413;
-3,633618;
-4,024028;
-2,460896;
-2,851307;
-4,024028;
-5,977571;
-3,633618;
-3,438413;
-4,219234;
-4,414439;
-5,977571;
-5,000054;
-6,172776;
-4,804849;
-4,804849;
-2,070486;
-4,414439;
-3,438413;
-4,609644;
-2,656102;
-4,024028;
-5,19526;
-5,000054;
-3,438413;
-7,148802;
-4,414439;
-4,024028;
-3,828823;
-3,243207;
-3,243207;
-3,828823;
-4,219234;
-1,875281;
-2,851307;
-6,367981;
-3,438413;
-4,414439;
-3,633618;
-2,070486;
-2,460896;
-4,024028;
-4,024028;
-3,633618;
-4,414439;
-4,414439;
-3,828823;
-3,633618;
-3,048002;
-4,024028;
-4,024028;
-4,804849;
-1,09446;
-4,609644;
-3,633618;
-4,414439;
-5,000054;
-2,656102;
-3,048002;
-6,172776;
-3,048002;
-2,656102;
-1,680076;
-2,070486;
-2,851307;
-3,633618;
-2,265691;
-2,656102;
-1,289665;
-3,828823;
-4,609644;
-3,243207;
-1,289665;
-1,875281;
-0,313639;
-1,680076;
-1,289665;
-1,48487;
-0,5088443;
-1,09446;
-2,460896;
-1,289665;
-2,656102;
0,07826149;
-2,460896;
-1,09446;
0,07826149;
-1,289665;
1,054288;
-1,09446;
-0,5088443;
2,616788;
3,398037;
3,59335;
4,3746;
4,569913;
5,351163;
6,71835;
7,108975;
4,960538;
3,398037;
4,960538;
8,476163;
7,304288;
7,304288;
6,71835;
7,304288;
7,890225;
7,890225;
9,0621;
8,28085;
7,4996;
9,452726;
8,671475;
9,452726;
9,452726;
11,21054;
11,40585;
10,81991;
11,60116;
9,0621;
11,79648;
11,40585;
12,96835;
11,79648;
13,94491;
12,77304;
12,77304;
12,38241;
13,7496;
14,53085;
16,09335;
16,48398;
13,7496;
15,50741;
17,65585;
16,09335;
16,09335;
17,85116;
17,46054;
17,26523;
18,24179;
20,97616;
18,04648;
20,39023;
18,04648;
20,19491;
19,80429;
19,80429;
21,75741;
22,92929;
21,95273;
23,71054;
22,53866;
23,51523;
23,71054;
23,71054;
24,10116;
26,44491;
25,27304;
25,07773;
26,05429;
26,2496;
25,66366;
25,46835;
28,00742;
25,66366;
28,00742;
26,64023;
28,78866;
28,20273;
30,35116;
29,3746;
28,78866;
29,76522;
30,54648;
29,17929;
29,56992;
29,76522;
31,71835;
31,71835;
31,52304;
34,0621;
32,10898;
33,47617;
33,86679;
32,30429;
32,89023;
32,30429;
33,28085;
36,01522;
35,03867;
34,64804;
35,6246;
36,01522;
36,21054;
35,42929;
35,23398;
36,01522;
36,21054;
35,6246;
38,16367;
40,11679;
38,7496;
37,1871;
38,7496;
38,16367;
39,92148;
39,53085;
37,77304;
39,33554;
37,96835;
38,94492;
37,96835;
39,92148;
39,33554;
39,53085;
38,7496;
38,55429;
38,94492;
41,09335;
41,09335;
40,50742;
41,09335;
40,11679;
41,67929;
39,92148;
42,26523;
41,09335;
40,70273;
39,33554;
41,09335;
39,33554;
39,53085;
39,33554;
42,06992;
41,48398;
42,06992;
38,55429;
41,09335;
41,8746;
39,72617;
41,48398;
40,70273;
41,67929;
40,70273;
41,8746;
39,33554;
39,53085;
41,09335;
40,89804;
41,67929;
41,09335;
40,50742;
41,8746;
41,8746;
40,50742;
40,70273;
39,14023;
41,48398;
41,67929;
40,50742;
40,89804;
42,06992;
41,48398;
38,7496;
40,3121;
40,3121;
38,7496;
40,50742;
39,72617;
40,3121;
38,35898;
39,14023;
39,53085;
40,70273;
39,92148;
38,16367;
36,21054;
38,55429;
36,60117;
38,55429;
37,77304;
36,60117;
36,79648;
37,57773;
37,38241;
37,77304;
35,23398;
37,96835;
36,01522;
36,60117;
36,01522;
36,40585;
35,03867;
36,01522;
34,64804;
35,03867;
32,69491;
34,0621;
32,4996;
32,4996;
33,28085;
33,08554;
34,0621;
34,84335;
33,47617;
30,9371;
32,10898;
31,13242;
32,4996;
30,74179;
31,71835;
30,35116;
29,56992;
30,9371;
29,3746;
28,20273;
27,42148;
26,44491;
27,03085;
27,42148;
28,39804;
27,03085;
26,2496;
26,2496;
25,27304;
23,31991;
24,10116;
22,34335;
25,27304;
22,53866;
22,14804;
21,95273;
21,36679;
21,36679;
19,80429;
21,36679;
18,4371;
19,21835;
19,02304;
18,63241;
19,21835;
16,48398;
17,65585;
16,09335;
19,60898;
17,46054;
17,46054;
16,48398;
15,3121;
14,14023;
15,50741;
14,14023;
14,53085;
13,55429;
11,01523;
11,79648;
11,79648;
10,6246;
11,60116;
9,452726;
11,79648;
10,23398;
10,81991;
10,6246;
8,28085;
10,03866;
9,452726;
8,866789;
8,476163;
7,304288;
7,108975;
5,741787;
7,890225;
8,085538;
5,546475;
6,132412;
7,108975;
6,913663;
6,132412;
7,694913;
4,3746;
4,179288;
4,3746;
4,3746;
2,8121;
4,3746;
2,8121;
4,765225;
2,616788;
3,007413;
4,3746;
1,835538;
3,398037;
5,741787;
4,569913;
1,444913;
1,640225;
-1,680076;
0,2734667;
0,8590823;
-0,1169437;
-0,5088443;
-1,875281;
-0,7040495;
-1,680076;
-1,875281;
-0,1169437;
-1,09446;
-0,8992547;
-0,7040495;
-1,48487;
-0,7040495;
-3,243207;
-0,313639;
-6,563186;
-1,680076;
-2,460896;
-3,438413;
-2,656102;
-2,851307;
1,444913;
-2,656102;
-1,680076;
-3,048002;
-2,070486;
-4,024028;
-3,828823;
-3,633618;
-3,633618;
-2,265691;
-2,070486;
-2,265691;
-0,8992547;
-3,438413;
-2,656102;
-3,243207;
-0,8992547;
-1,680076;
-1,680076;
-2,851307;
-3,438413;
-3,048002;
-2,460896;
-2,851307;
-2,851307;
-3,243207;
-3,243207;
-2,656102;
-3,438413;
-3,828823;
-2,460896;
-4,414439;
-3,438413;
0,07826149;
-3,048002;
-5,000054;
-2,851307;
-4,609644;
-4,219234;
-4,219234;
-1,09446;
-3,048002;
-4,024028;
-4,804849;
-3,633618;
-2,265691;
-3,243207;
-2,656102;
-2,851307;
-4,609644;
-3,243207;
-0,7040495;
-3,633618;
-3,633618;
-4,804849;
-4,024028;
-3,243207;
-3,828823;
-3,243207;
-1,09446;
-2,851307;
-3,633618;
-3,243207;
-2,656102;
-4,219234;
-4,609644;
-4,024028;
-1,680076;
-4,414439;
-3,243207;
-2,851307;
-1,680076;
-3,243207;
-3,828823;
-1,875281;
-3,048002;
-2,265691;
-0,7040495;
-2,265691;
-2,656102;
-2,656102;
-3,243207;
-2,656102;
-2,851307;
-2,460896;
-3,828823;
-4,024028;
-4,609644;
-4,804849;
-3,633618;
-4,804849;
-3,633618;
-4,609644;
-3,048002;
-2,851307;
-4,804849;
-3,438413;
-3,828823;
-2,460896;
-2,851307;
-3,243207;
-3,438413;
-3,828823;
-4,804849;
-5,000054;
-4,609644;
-4,609644;
-4,414439;
-5,390465;
-4,414439;
-3,828823;
-4,219234;
-3,243207;
-3,828823;
-2,265691;
-5,000054;
-3,438413;
-6,953597;
-2,265691;
-4,609644;
-2,460896;
-5,19526;
-4,219234;
-3,243207;
-3,633618;
-6,172776;
-5,58567;
-5,000054;
-2,851307;
-3,633618;
-4,024028;
-4,804849;
-4,804849;
-3,828823;
-3,828823;
-4,024028;
-3,828823;
-4,414439;
-4,024028;
-4,024028;
-4,219234;
-4,804849;
-3,828823;
-3,048002;
-5,782365;
-4,609644;
-4,219234;
-3,438413;
-4,414439;
-3,633618;
-5,390465;
-4,219234;
-4,609644;
-5,390465;
-3,048002;
-5,000054;
-4,609644;
-2,851307;
-0,5088443;
-4,804849;
-3,243207;
-2,656102;
-5,000054;
-3,633618;
-3,048002;
-4,414439;
-2,656102;
-1,875281;
-5,58567;
-3,438413;
-4,609644;
-4,219234;
-4,609644;
-3,243207;
-5,19526;
-3,828823;
-5,977571;
-7,539213;
-5,19526;
-6,758391;
-4,804849;
-3,828823;
-2,851307;
-3,438413;
-3,633618;
-2,656102;
-3,438413;
-3,438413;
-3,048002;
-4,414439;
-4,804849;
-4,804849;
-4,804849;
-0,5088443;
-3,828823;
-3,048002;
-4,024028;
-4,024028;
-5,782365;
-2,460896;
-4,024028;
-3,828823;
-5,782365;
-5,390465;
-4,609644;
-4,219234;
-3,633618;
-3,048002;
-4,024028;
-4,609644;
-4,804849;
-4,609644;
-5,390465;
-5,58567;
-4,414439;
-3,438413;
-3,828823;
-4,804849;
-4,024028;
-5,000054;
-3,438413;
-1,680076;
-4,609644;
-3,633618;
-4,609644;
-4,024028;
-0,313639;
-2,460896;
-4,609644;
-3,048002;
-3,048002;
-4,609644;
-3,633618;
-2,656102;
-3,633618;
-4,609644;
-1,680076;
-3,243207;
-2,070486;
-2,851307;
-4,804849;
-4,414439;
-3,048002;
-4,219234;
-4,804849;
-2,851307;
-3,438413;
-2,656102;
-4,414439;
-2,070486;
-4,609644;
-4,024028;
-2,656102;
-4,219234;
-3,048002;
-4,609644;
-3,243207;
0,8590823;
-3,438413;
-3,048002;
-3,633618;
-1,875281;
-2,851307;
-3,048002;
-3,243207;
-2,656102;
-2,851307;
-2,460896;
-3,048002;
-1,680076;
0,07826149;
-1,48487;
-2,851307;
-0,1169437;
-1,48487;
-0,7040495;
-0,5088443;
1,444913;
0,4686719;
0,2734667;
-0,7040495;
-0,7040495;
-0,7040495;
-1,875281;
-0,313639;
2,226162;
3,007413;
3,398037;
3,983975;
5,351163;
6,71835;
3,788663;
5,741787;
3,202725;
4,3746;
5,546475;
5,546475;
5,741787;
6,132412;
6,71835;
7,304288;
6,523038;
7,304288;
6,71835;
8,28085;
10,6246;
8,866789;
8,085538;
8,476163;
9,452726;
11,21054;
9,0621;
11,60116;
11,21054;
11,79648;
11,40585;
15,70273;
11,01523;
11,79648;
12,96835;
12,57773;
14,33554;
12,1871;
13,94491;
14,14023;
14,92148;
16,28866;
14,92148;
15,70273;
16,09335;
15,11679;
17,26523;
18,63241;
18,82773;
18,4371;
21,5621;
21,36679;
22,14804;
19,60898;
21,75741;
18,82773;
21,36679;
21,36679;
20,97616;
19,21835;
20,58554;
19,60898;
22,34335;
24,10116;
25,27304;
22,53866;
24,88241;
22,92929;
25,66366;
24,6871;
25,07773;
26,64023;
27,03085;
27,61679;
26,05429;
26,83554;
26,83554;
27,61679;
27,61679;
28,20273;
29,17929;
27,03085;
31,32773;
29,96054;
27,42148;
30,35116;
31,32773;
31,71835;
31,52304;
30,74179;
29,96054;
33,28085;
33,28085;
33,08554;
33,08554;
32,30429;
36,01522;
34,0621;
34,45272;
33,28085;
34,25741;
36,01522;
39,33554;
33,08554;
36,99179;
35,23398;
34,45272;
36,01522;
36,60117;
37,57773;
38,16367;
37,77304;
38,16367;
37,1871;
38,16367;
36,21054;
37,1871;
36,60117;
38,16367;
39,72617;
39,53085;
38,35898;
39,33554;
37,57773;
36,99179;
39,53085;
38,7496;
40,50742;
39,33554;
39,92148;
40,70273;
41,09335;
38,7496;
41,48398;
41,28867;
41,8746;
40,50742;
41,28867;
40,70273;
40,89804;
39,33554;
40,3121;
41,48398;
43,24179;
40,3121;
41,8746;
42,46054;
43,24179;
41,09335;
41,28867;
41,28867;
41,28867;
39,14023;
43,04647;
41,67929;
40,11679;
41,48398;
40,3121;
42,85117;
41,67929;
43,24179;
42,46054;
41,28867;
40,50742;
41,67929;
40,70273;
39,72617;
40,89804;
43,82773;
41,09335;
40,89804;
40,3121;
41,09335;
39,92148;
39,33554;
39,92148;
40,50742;
38,55429;
40,50742;
40,11679;
39,53085;
39,33554;
38,16367;
40,70273;
38,35898;
39,14023;
39,72617;
40,11679;
37,1871;
40,11679;
36,99179;
38,7496;
35,6246;
37,38241;
37,1871;
35,6246;
36,79648;
36,21054;
36,01522;
36,01522;
36,21054;
35,81991;
36,99179;
36,40585;
36,60117;
33,67148;
34,45272;
34,25741;
34,25741;
34,0621;
35,42929;
33,86679;
32,89023;
33,86679;
31,52304;
32,69491;
32,4996;
32,69491;
32,69491;
33,08554;
30,54648;
31,52304;
30,15585;
28,39804;
27,42148;
28,59335;
29,76522;
29,3746;
28,20273;
28,39804;
26,05429;
28,59335;
25,07773;
26,05429;
26,83554;
25,07773;
24,49179;
25,07773;
24,6871;
25,66366;
24,29648;
24,6871;
22,53866;
23,1246;
20,39023;
22,14804;
20,97616;
20,19491;
19,41366;
21,95273;
17,85116;
20,19491;
18,4371;
17,06991;
17,85116;
17,06991;
17,26523;
15,50741;
16,09335;
15,89804;
15,11679;
14,92148;
14,53085;
13,7496;
15,11679;
11,99179;
12,77304;
12,96835;
12,96835;
11,99179;
10,03866;
10,23398;
10,6246;
9,0621;
11,60116;
8,671475;
8,671475;
5,15585;
9,257414;
9,648039;
6,523038;
6,71835;
7,304288;
6,327725;
5,9371;
5,15585;
6,132412;
5,9371;
5,9371;
6,913663;
4,3746;
3,398037;
5,546475;
6,327725;
6,132412;
4,569913;
3,788663;
2,421475;
4,179288;
4,179288;
4,179288;
1,835538;
3,007413;
3,59335;
2,421475;
2,226162;
2,421475;
1,054288;
0,4686719;
-0,1169437;
-0,1169437;
0,2734667;
-1,680076;
-0,1169437;
-0,8992547;
-2,070486;
0,07826149;
-2,460896;
-0,313639;
-1,875281;
-1,48487;
-0,7040495;
-2,070486;
-2,851307;
-2,265691;
-0,7040495;
-1,875281;
-2,265691;
-3,828823;
-4,024028;
-2,656102;
-3,828823;
-3,438413;
-2,460896;
1,054288;
-1,875281;
-5,19526;
-3,633618;
-3,438413;
-3,243207;
-1,289665;
-2,656102;
-2,265691;
-1,289665;
-3,243207;
-2,460896;
-1,09446;
-1,680076;
-2,265691;
-2,265691;
-2,070486;
-0,7040495;
-2,656102;
-4,024028;
-3,633618;
-2,851307;
-2,460896;
-2,656102;
-4,609644;
-1,09446;
-4,024028;
0,07826149;
3,007413;
-2,265691;
-2,265691;
-3,828823;
-1,680076;
-3,828823;
-4,024028;
-4,219234;
-2,656102;
-3,438413;
-3,438413;
-3,438413;
-4,414439;
-2,460896;
-3,438413;
-2,070486;
-4,024028;
-2,070486;
-2,656102;
-2,460896;
-2,265691;
-1,48487;
-3,828823;
-3,048002;
-2,265691;
-4,414439;
-5,58567;
-2,070486;
-3,438413;
-2,656102;
-4,804849;
-5,19526;
-2,460896;
-2,851307;
-5,390465;
-3,438413;
-1,680076;
-4,609644;
-4,804849;
-3,048002;
-4,024028;
-2,265691;
-2,070486;
-3,243207;
-3,828823;
-2,265691;
-4,219234;
-4,024028;
-3,633618;
-3,243207;
-4,024028;
-1,48487;
-5,000054;
-3,633618;
-4,609644;
-5,58567;
-3,633618;
-2,851307;
-4,024028;
-2,265691;
-5,19526;
-3,633618;
-2,656102;
-4,609644;
-3,243207;
-2,265691;
-2,851307;
-3,243207;
-3,048002;
-4,804849;
-2,460896;
-2,460896;
-2,851307;
-3,633618;
-5,782365;
-4,024028;
-2,851307;
-4,804849;
-5,782365;
-4,024028;
-5,390465;
-2,851307;
-3,243207;
-3,633618;
-4,024028;
-4,609644;
-3,243207;
-4,804849;
-4,609644;
-4,219234;
-5,977571;
-2,656102;
-2,851307;
-6,172776;
-3,243207;
-3,438413;
-3,828823;
-3,828823;
-3,633618;
-3,828823;
-4,024028;
-4,219234;
-2,851307;
-6,172776;
-2,851307;
-4,219234;
-5,19526;
-5,58567;
-2,851307;
-5,19526;
-3,828823;
-5,390465;
-5,782365;
-4,609644;
-4,609644;
-4,024028;
-3,048002;
-3,048002;
-4,609644;
-4,609644;
-5,390465;
-4,804849;
-4,414439;
-4,024028;
-5,782365;
-3,633618;
-5,000054;
-5,782365;
-3,243207;
-4,024028;
-4,804849;
-4,414439;
-3,048002;
-4,414439;
-5,000054;
-3,828823;
-3,438413;
-5,19526;
-3,048002;
-3,828823;
-4,024028;
-4,804849;
-5,390465;
-4,024028;
-2,265691;
-3,438413;
-4,609644;
-4,024028;
-4,024028;
-0,8992547;
-3,243207;
-4,414439;
-5,19526;
-3,828823;
-1,680076;
-5,19526;
-3,048002;
-4,414439;
-7,148802;
-3,633618;
-4,609644;
-2,851307;
-4,024028;
-5,782365;
-2,851307;
-4,024028;
-4,219234;
-0,8992547;
-4,609644;
-4,024028;
-3,828823;
-4,804849;
-3,438413;
-3,438413;
-3,828823;
-3,828823;
-3,438413;
-3,828823;
-4,804849;
-5,390465;
-5,58567;
-4,219234;
-1,680076;
-2,656102;
-4,609644;
-4,414439;
-2,656102;
-3,243207;
-3,243207;
-4,024028;
-5,58567;
-3,438413;
-2,656102;
-3,438413;
-3,633618;
-4,414439;
-1,48487;
-3,438413;
-5,19526;
-3,438413;
-3,048002;
-4,609644;
-4,024028;
-3,828823;
-5,390465;
-5,782365;
-4,024028;
-4,414439;
-5,000054;
-4,219234;
-2,070486;
-4,024028;
-3,438413;
-1,680076;
-3,828823;
-5,19526;
-4,024028;
-2,460896;
-4,024028;
-4,024028;
-6,367981;
-1,09446;
-3,438413;
-4,024028;
-4,024028;
-3,048002;
-1,875281;
0,07826149;
-1,48487;
-3,633618;
-2,656102;
-3,828823;
-3,438413;
-1,48487;
-1,289665;
-3,243207;
-2,656102;
-2,265691;
-1,09446;
-5,977571;
-3,243207;
0,2734667;
-1,680076;
-1,289665;
-4,219234;
-0,5088443;
-1,875281;
0,07826149;
-1,09446;
0,4686719;
-1,09446;
-2,460896;
-1,680076;
-1,48487;
-0,313639;
1,444913;
4,569913;
4,960538;
4,3746;
4,765225;
4,765225;
4,569913;
5,546475;
4,765225;
3,59335;
4,960538;
4,960538;
7,4996;
6,913663;
6,327725;
7,108975;
8,476163;
6,327725;
6,523038;
8,085538;
9,648039;
9,843351;
8,671475;
8,866789;
9,0621;
8,866789;
11,21054;
12,77304;
11,21054;
10,03866;
11,60116;
11,21054;
12,77304;
12,96835;
14,92148;
12,38241;
13,55429;
14,33554;
13,16366;
16,48398;
14,53085;
13,55429;
15,70273;
15,89804;
17,46054;
17,46054;
15,89804;
17,65585;
18,24179;
19,21835;
19,02304;
18,24179;
17,85116;
18,63241;
19,02304;
20,78085;
20,58554;
19,41366;
19,80429;
20,97616;
21,5621;
21,75741;
22,14804;
24,49179;
24,49179;
21,95273;
24,6871;
24,49179;
24,88241;
23,71054;
24,88241;
25,85898;
28,20273;
25,66366;
25,85898;
26,2496;
26,83554;
26,05429;
27,8121;
28,20273;
28,98398;
28,39804;
29,76522;
30,54648;
28,59335;
28,78866;
31,91366;
31,13242;
32,30429;
32,69491;
32,10898;
33,08554;
33,08554;
31,71835;
31,91366;
33,28085;
32,89023;
33,67148;
33,86679;
36,60117;
34,0621;
35,42929;
34,64804;
36,40585;
34,25741;
35,81991;
36,79648;
36,60117;
35,03867;
34,84335;
35,81991;
36,99179;
37,38241;
36,21054;
39,92148;
37,77304;
37,57773;
36,40585;
38,35898;
38,55429;
39,14023;
37,57773;
36,99179;
39,72617;
39,53085;
38,7496;
38,7496;
40,50742;
39,53085;
40,11679;
40,50742;
38,16367;
41,67929;
39,33554;
41,09335;
39,14023;
40,50742;
41,28867;
41,09335;
39,14023;
41,67929;
41,48398;
40,50742;
38,55429;
41,28867;
40,11679;
41,09335;
39,92148;
42,26523;
41,67929;
41,28867;
42,26523;
42,26523;
42,06992;
40,11679;
39,92148;
41,67929;
42,06992;
43,4371;
42,46054;
45,19492;
38,35898;
41,8746;
41,8746;
41,09335;
43,24179;
39,53085;
41,28867;
40,3121;
40,3121;
42,26523;
39,72617;
41,8746;
40,70273;
40,89804;
39,53085;
40,11679;
39,72617;
38,16367;
40,89804;
39,92148;
40,50742;
41,67929;
40,3121;
41,09335;
39,33554;
37,96835;
39,33554;
38,55429;
39,33554;
39,14023;
39,72617;
39,14023;
37,57773;
38,16367;
37,57773;
38,55429;
33,47617;
34,64804;
35,81991;
35,81991;
36,21054;
36,79648;
36,21054;
33,28085;
35,23398;
36,99179;
34,84335;
33,67148;
34,64804;
33,47617;
33,08554;
32,89023;
33,67148;
32,69491;
31,91366;
31,13242;
32,89023;
31,91366;
28,78866;
29,17929;
28,98398;
29,3746;
29,76522;
29,17929;
30,15585;
27,22616;
28,59335;
27,42148;
27,03085;
27,8121;
26,64023;
27,61679;
24,49179;
25,46835;
25,66366;
25,07773;
23,51523;
24,10116;
23,90585;
22,34335;
22,34335;
22,92929;
21,36679;
20,39023;
22,14804;
22,34335;
20,58554;
19,9996;
18,04648;
19,80429;
17,85116;
17,65585;
17,26523;
16,67929;
18,4371;
15,89804;
15,3121;
16,09335;
15,3121;
16,09335;
15,3121;
14,33554;
14,53085;
11,79648;
12,38241;
12,77304;
11,40585;
12,77304;
11,79648;
12,77304;
11,21054;
11,21054;
10,81991;
9,0621;
9,843351;
9,257414;
9,843351;
8,671475;
7,304288;
6,913663;
6,71835;
8,085538;
7,4996;
6,132412;
6,523038;
7,108975;
7,890225;
5,9371;
7,694913;
5,546475;
3,788663;
4,179288;
5,351163;
3,983975;
5,741787;
4,765225;
4,765225;
3,983975;
1,640225;
4,765225;
2,226162;
1,640225;
3,788663;
1,2496;
0,07826149;
2,616788;
-1,289665;
0,6638771;
-0,5088443;
-1,09446;
-1,680076;
1,444913;
-2,070486;
0,6638771;
-0,5088443;
-1,680076;
-1,09446;
-0,7040495;
-1,48487;
-2,070486;
-3,438413;
-1,680076;
-1,48487;
-2,070486;
-2,460896;
-2,851307;
-5,000054;
-2,460896;
-4,609644;
-1,289665;
-2,070486;
-0,5088443;
-2,265691;
-0,7040495;
-2,460896;
-2,460896;
-2,265691;
0,6638771;
-1,48487;
-3,048002;
-2,656102;
-2,460896;
-2,851307;
-2,070486;
-2,460896;
-5,390465;
-3,048002;
-3,438413;
-2,265691;
-1,48487;
-2,265691;
-2,265691;
-2,656102;
-2,851307;
-3,048002;
-4,024028;
-2,656102;
-1,680076;
-2,265691;
-1,48487;
-3,633618;
-3,048002;
-3,438413;
-2,851307;
-1,48487;
-2,851307;
-4,414439;
-4,414439;
-4,414439;
-2,265691;
-0,8992547;
-1,48487;
-3,633618;
-2,265691;
-3,048002;
-4,804849;
-2,460896;
-4,024028;
-3,243207;
-2,460896;
-1,875281;
-4,024028;
-4,219234;
-1,48487;
-5,000054;
-3,438413;
-3,048002;
-2,265691;
-3,828823;
-4,609644;
-4,024028;
-5,782365;
-4,609644;
-2,265691;
-4,414439;
-5,000054;
-4,024028;
-3,243207;
-3,828823;
-3,828823;
-3,828823;
-3,633618;
-2,656102;
-3,828823;
-2,070486;
-2,656102;
-4,219234;
-4,414439;
-4,414439;
-4,024028;
-2,851307;
-1,680076;
-2,460896;
-3,243207;
-6,172776;
-2,656102;
-5,19526;
-3,048002;
-1,48487;
-3,633618;
-3,438413;
-2,265691;
-3,243207;
-5,19526;
-3,438413;
-3,243207;
-2,460896;
-1,875281;
-2,851307;
-4,609644;
-4,219234;
-3,633618;
-4,219234;
-5,000054;
-5,390465;
-3,828823;
-3,633618;
-3,243207;
-5,19526;
-4,804849;
-3,828823;
-3,633618;
-4,219234;
-4,414439;
-4,024028;
-2,851307;
-4,804849;
-4,219234;
-3,243207;
-3,243207;
-4,804849;
-5,782365;
-3,438413;
-4,804849;
-2,265691;
-2,070486;
-4,804849;
-4,024028;
-4,219234;
-2,851307;
-3,243207;
-5,000054;
-2,070486;
-3,438413;
-4,024028;
-4,024028;
-3,828823;
-2,656102;
-4,024028;
-4,609644;
-5,58567;
-3,048002;
-5,000054;
-5,390465;
-5,19526;
-1,875281;
-5,000054;
-4,414439;
-5,390465;
-3,633618;
-5,19526;
-0,7040495;
-4,024028;
-4,609644;
-6,758391;
-3,243207;
-4,804849;
-5,782365;
-3,633618;
-2,656102;
-4,024028;
-4,804849;
-3,243207;
-3,633618;
-5,58567;
-3,243207;
-5,000054;
-4,804849;
-2,851307;
-4,414439;
-5,19526;
-3,633618;
-3,828823;
-3,438413;
-3,243207;
-4,024028;
-4,219234;
-4,609644;
-3,438413;
-1,875281;
-3,828823;
-4,414439;
-3,048002;
-5,977571;
-3,633618;
-4,804849;
-7,539213;
-3,048002;
-2,851307;
-5,000054;
-3,633618;
-5,977571;
-3,633618;
-5,390465;
-4,609644;
-4,414439;
-3,243207;
-3,048002;
-4,219234;
-4,024028;
-5,390465;
-4,024028;
-3,243207;
-5,000054;
-4,219234;
-5,19526;
-3,828823;
-4,024028;
-7,344007;
-3,828823;
-2,851307;
-5,000054;
-5,000054;
-5,19526;
-3,828823;
-4,414439;
-4,804849;
-3,438413;
-5,19526;
-4,024028;
-2,460896;
-5,19526;
-2,851307;
-3,438413;
-3,243207;
-3,438413;
-4,414439;
-5,19526;
-3,633618;
-5,000054;
-3,828823;
-3,243207;
-5,390465;
-3,048002;
-3,048002;
-5,000054;
-4,219234;
-4,024028;
-3,243207;
-4,609644;
-4,609644;
-3,438413;
-1,289665;
-4,609644;
-4,024028;
-4,804849;
-4,414439;
-2,460896;
-2,265691;
-5,000054;
-3,243207;
-5,19526;
-2,265691;
-2,851307;
-5,000054;
-3,438413;
-3,048002;
-4,414439;
-1,875281;
-4,219234;
-1,875281;
-1,875281;
-1,289665;
-2,656102;
-3,243207;
-1,680076;
-1,48487;
-2,070486;
-1,875281;
-2,851307;
-1,48487;
-0,5088443;
1,444913;
-2,460896;
-1,09446;
-1,48487;
-0,8992547;
0,2734667;
0,2734667;
-1,680076;
2,421475;
-1,289665;
-1,48487;
-1,289665;
0,6638771;
-1,48487;
1,640225;
3,202725;
3,007413;
3,007413;
4,179288;
5,546475;
5,741787;
3,59335;
3,788663;
6,327725;
5,9371;
5,9371;
7,108975;
8,866789;
7,304288;
8,476163;
8,28085;
8,085538;
8,085538;
7,890225;
6,71835;
11,21054;
10,23398;
9,257414;
9,452726;
11,21054;
9,648039;
8,866789;
10,23398;
9,648039;
11,79648;
11,21054;
13,55429;
11,99179;
14,33554;
13,16366;
11,60116;
13,16366;
14,33554;
13,94491;
13,94491;
15,11679;
15,50741;
16,28866;
15,70273;
18,04648;
17,85116;
17,06991;
19,02304;
17,46054;
19,9996;
19,41366;
19,9996;
19,9996;
20,39023;
20,19491;
20,78085;
21,75741;
24,6871;
21,36679;
20,78085;
23,51523;
24,10116;
23,90585;
24,10116;
20,39023;
23,90585;
24,10116;
22,92929;
24,49179;
25,27304;
27,22616;
25,85898;
26,44491;
25,07773;
27,03085;
27,42148;
27,8121;
28,59335;
30,35116;
28,20273;
28,39804;
31,32773;
30,35116;
30,15585;
35,81991;
31,32773;
32,10898;
30,54648;
32,30429;
33,28085;
33,08554;
33,86679;
32,30429;
34,64804;
34,45272;
33,86679;
34,64804;
33,28085;
34,64804;
34,25741;
35,03867;
37,57773;
35,23398;
36,40585;
35,23398;
36,01522;
34,84335;
36,40585;
35,6246;
38,7496;
37,57773;
37,1871;
37,38241;
35,6246;
38,55429;
37,77304;
38,55429;
39,14023;
38,94492;
38,7496;
38,94492;
37,38241;
40,3121;
38,94492;
39,72617;
39,33554;
40,89804;
40,89804;
40,89804;
38,35898;
40,3121;
41,09335;
38,35898;
40,50742;
38,16367;
38,94492;
39,92148;
40,3121;
39,72617;
39,33554;
40,11679;
41,28867;
39,92148;
38,94492;
42,26523;
40,89804;
41,48398;
41,09335;
40,3121;
42,85117;
41,28867;
41,09335;
41,67929;
42,26523;
39,72617;
42,65585;
39,72617;
40,89804;
40,70273;
40,11679;
42,85117;
41,8746;
40,3121;
44,41367;
41,67929;
42,46054;
41,28867;
41,09335;
39,14023;
42,06992;
41,67929;
41,09335;
42,26523;
40,3121;
39,33554;
38,55429;
40,70273;
39,92148;
41,28867;
39,72617;
38,94492;
39,14023;
39,33554;
39,33554;
39,92148;
39,33554;
39,53085;
37,77304;
38,94492;
38,94492;
38,94492;
36,60117;
38,16367;
38,35898;
36,79648;
36,40585;
36,99179;
38,16367;
35,03867;
41,48398;
36,01522;
35,03867;
36,21054;
34,45272;
34,25741;
34,25741;
33,86679;
32,30429;
33,28085;
34,45272;
31,91366;
30,35116;
31,13242;
31,13242;
30,54648;
32,30429;
31,13242;
31,91366;
30,54648;
29,96054;
30,74179;
30,15585;
29,3746;
29,3746;
26,2496;
28,00742;
27,42148;
27,61679;
28,00742;
25,46835;
27,42148;
25,27304;
26,05429;
24,6871;
23,1246;
26,64023;
24,49179;
22,53866;
22,34335;
22,53866;
20,97616;
20,97616;
20,58554;
22,73398;
22,92929;
19,21835;
19,60898;
19,02304;
18,63241;
19,21835;
18,4371;
17,06991;
16,67929;
15,89804;
16,28866;
16,28866;
15,70273;
16,8746;
15,89804;
15,11679;
13,55429;
12,57773;
13,55429;
12,77304;
12,77304;
11,79648;
12,57773;
12,38241;
11,60116;
10,6246;
10,23398;
10,23398;
9,843351;
9,0621;
9,452726;
8,085538;
8,085538;
8,476163;
11,21054;
5,9371;
6,913663;
7,108975;
6,913663;
7,4996;
5,9371;
3,788663;
4,179288;
4,569913;
5,351163;
4,765225;
4,960538;
6,132412;
5,546475;
5,351163;
4,3746;
4,179288;
4,179288;
3,398037;
2,226162;
2,8121;
3,59335;
2,616788;
4,3746;
4,179288;
3,202725;
-0,313639;
0,4686719;
-0,5088443;
0,8590823;
-4,024028;
-1,48487;
-3,243207;
-1,680076;
-0,7040495;
-0,5088443;
-2,851307;
0,6638771;
2,226162;
-1,875281;
-1,289665;
-1,289665;
-2,460896;
-1,48487;
-2,460896;
-0,7040495;
-2,265691;
-2,851307;
-3,828823;
-2,460896;
-3,243207;
-1,875281;
-1,09446;
1,2496;
-2,851307;
-2,656102;
-3,438413;
-3,048002;
-2,656102;
-2,460896;
-2,070486;
-2,265691;
-2,070486;
-1,875281;
-3,243207;
-3,438413;
-2,851307;
-3,048002;
-1,48487;
-4,024028;
-3,048002;
-2,851307;
-4,219234;
-4,414439;
-2,656102;
-2,851307;
-3,048002;
-0,8992547;
-1,875281;
-3,243207;
-3,828823;
-2,460896;
-3,828823;
-5,390465;
-6,953597;
-3,828823;
-3,048002;
-3,633618;
-3,048002;
-5,390465;
-3,633618;
-1,289665;
-4,219234;
-3,828823;
-2,070486;
-3,438413;
-1,09446;
-5,000054;
-4,414439;
-2,070486;
-2,070486;
-3,048002;
-3,438413;
-4,024028;
-2,656102;
-3,438413;
-1,875281;
-3,048002;
-2,265691;
-2,851307;
-1,48487;
-5,19526;
-2,265691;
-2,460896;
-2,265691;
-2,070486;
-3,243207;
-3,828823;
-4,024028;
-3,438413;
-2,265691;
-3,243207;
-4,024028;
-3,633618;
-3,828823;
-4,804849;
-2,851307;
-4,804849;
-3,438413;
-4,024028;
-4,414439;
-3,828823;
-2,851307;
-3,243207;
-4,024028;
-2,656102;
-3,828823;
-4,414439;
-2,656102;
-4,414439;
-4,804849;
-4,609644;
-4,024028;
0,8590823;
-4,024028;
-3,828823;
-4,804849;
-5,782365;
-2,851307;
-4,219234;
-5,000054;
-3,243207;
-2,656102;
-2,851307;
-2,460896;
-2,851307;
-2,460896;
-2,656102;
-2,851307;
-5,977571;
-4,804849;
-2,460896;
-3,828823;
-2,265691;
-3,633618;
-4,024028;
-4,609644;
-4,024028;
-4,219234;
-2,851307;
-4,609644;
-3,243207;
-3,828823;
-5,977571;
-1,680076;
-3,243207;
-4,219234;
-5,390465;
-1,875281;
-3,633618;
-3,243207;
-2,851307;
-4,414439;
-2,656102;
-3,633618;
-5,19526;
-4,024028;
-5,000054;
-3,438413;
-4,609644;
-3,633618;
-3,828823;
-5,19526;
-3,438413;
-2,851307;
-4,804849;
-4,024028;
-4,219234;
-3,633618;
-4,024028;
-3,828823;
-3,048002;
-4,219234;
-4,804849;
-1,680076;
-5,000054;
-5,19526;
-4,609644;
-3,438413;
-2,851307;
-5,000054;
-4,414439;
-5,19526;
-2,851307;
-5,782365;
-4,414439;
-4,024028;
-3,438413;
-6,172776;
-4,609644;
-4,219234;
-5,000054;
-3,828823;
-3,048002;
-5,000054;
-4,414439;
-2,851307;
-4,219234;
-4,024028;
-4,609644;
-3,633618;
-3,048002;
-4,024028;
-3,438413;
-4,804849;
-2,460896;
-5,000054;
-3,048002;
-4,609644;
-2,851307;
-3,633618;
-4,609644;
-6,367981;
-3,633618;
-4,219234;
-4,804849;
-5,19526;
-6,172776;
-4,414439;
-5,390465;
-4,219234;
-2,851307;
-4,414439;
-2,265691;
-3,438413;
-4,219234;
-2,265691;
-4,024028;
-4,219234;
-4,609644;
-2,656102;
-3,438413;
-3,438413;
-5,19526;
-2,656102;
-3,243207;
-2,460896;
-4,024028;
-3,243207;
-2,460896;
-2,265691;
-5,000054;
-3,048002;
-3,633618;
-3,243207;
-5,19526;
-6,172776;
-4,024028;
-1,875281;
-3,828823;
-4,024028;
-4,609644;
-3,633618;
-4,219234;
-3,828823;
-3,828823;
-4,219234;
-5,19526;
-4,804849;
-4,414439;
-5,19526;
-2,460896;
-4,414439;
-4,024028;
-4,024028;
-2,656102;
-2,460896;
-3,828823;
-3,048002;
-3,243207;
-4,414439;
-2,851307;
-3,243207;
-6,172776;
-3,438413;
-3,633618;
-2,851307;
-3,828823;
-2,656102;
-0,7040495;
-5,782365;
-4,024028;
-2,265691;
-4,219234;
-3,048002;
-0,8992547;
-0,7040495;
-0,8992547;
-2,656102;
-1,680076;
-2,656102;
0,8590823;
-1,48487;
-3,828823;
-1,48487;
-0,8992547;
0,6638771;
-1,48487;
-0,1169437;
-2,265691;
-1,875281;
-0,1169437;
-1,680076;
-0,313639;
-0,1169437;
-1,875281;
1,640225;
1,640225;
3,398037;
0,8590823;
3,398037;
5,741787;
3,202725;
5,9371;
6,913663;
5,9371;
5,9371;
5,9371;
7,304288;
7,304288;
9,0621;
5,741787;
6,327725;
8,866789;
8,085538;
8,28085;
7,4996;
8,28085;
8,476163;
9,648039;
10,03866;
8,28085;
9,452726;
9,843351;
11,40585;
12,38241;
13,35898;
11,21054;
12,57773;
13,94491;
13,16366;
12,96835;
12,57773;
15,3121;
16,48398;
14,72616;
14,14023;
12,38241;
15,3121;
16,8746;
13,94491;
16,09335;
16,8746;
18,04648;
18,63241;
19,02304;
17,85116;
17,85116;
18,82773;
21,75741;
19,02304;
19,41366;
19,41366;
20,58554;
20,97616;
21,5621;
22,53866;
24,10116;
21,36679;
21,95273;
22,34335;
23,90585;
24,6871;
23,31991;
24,6871;
24,10116;
26,05429;
26,64023;
25,85898;
28,00742;
26,44491;
27,42148;
26,44491;
27,61679;
26,64023;
28,00742;
28,98398;
29,76522;
29,3746;
30,15585;
30,54648;
30,15585;
29,56992;
29,96054;
29,96054;
32,10898;
30,9371;
33,28085;
31,32773;
31,91366;
32,69491;
31,52304;
34,25741;
34,45272;
35,03867;
34,45272;
34,84335;
35,42929;
34,0621;
37,1871;
35,81991;
36,40585;
35,23398;
36,21054;
36,99179;
33,08554;
36,21054;
36,60117;
38,7496;
37,57773;
36,99179;
36,79648;
38,94492;
40,3121;
37,96835;
37,57773;
37,77304;
37,1871;
39,33554;
39,92148;
40,70273;
37,77304;
40,50742;
39,33554;
41,09335;
40,11679;
39,14023;
40,50742;
39,72617;
41,67929;
39,33554;
41,28867;
41,48398;
41,09335;
41,09335;
42,65585;
44,41367;
41,09335;
40,70273;
41,8746;
40,50742;
40,50742;
40,70273;
39,72617;
43,04647;
41,09335;
41,48398;
41,67929;
42,85117;
39,72617;
40,3121;
40,70273;
42,46054;
42,26523;
42,06992;
40,3121;
42,06992;
41,67929;
40,89804;
42,46054;
40,89804;
42,46054;
42,65585;
41,28867;
39,92148;
41,48398;
41,48398;
40,11679;
40,50742;
39,72617;
40,70273;
39,53085;
40,50742;
39,72617;
38,55429;
40,50742;
40,50742;
37,57773;
41,28867;
39,72617;
38,55429;
39,92148;
37,1871;
39,92148;
38,94492;
38,35898;
38,94492;
39,33554;
38,55429;
39,14023;
37,1871;
38,16367;
38,16367;
38,16367;
35,81991;
37,96835;
37,38241;
34,84335;
33,47617;
37,1871;
34,45272;
33,67148;
34,84335;
34,25741;
35,42929;
34,45272;
33,86679;
34,45272;
32,69491;
32,89023;
32,30429;
33,86679;
31,52304;
33,08554;
32,89023;
32,10898;
31,13242;
31,13242;
30,15585;
28,20273;
30,54648;
29,76522;
28,39804;
29,17929;
27,03085;
26,64023;
28,39804;
26,44491;
24,49179;
25,27304;
25,46835;
24,49179;
22,73398;
24,29648;
24,6871;
21,75741;
25,85898;
25,07773;
23,90585;
21,75741;
25,27304;
23,1246;
20,78085;
19,21835;
19,41366;
21,5621;
18,04648;
16,28866;
17,85116;
18,24179;
16,67929;
16,09335;
13,55429;
15,50741;
14,53085;
14,14023;
13,7496;
12,77304;
13,7496;
13,55429;
13,35898;
13,94491;
12,96835;
13,16366;
13,16366;
9,648039;
11,01523;
9,648039;
10,03866;
11,01523;
8,085538;
10,6246;
5,546475;
8,476163;
7,304288;
8,476163;
8,085538;
8,476163;
6,132412;
6,523038;
6,132412;
6,327725;
4,569913;
5,15585;
5,546475;
6,132412;
3,788663;
6,327725;
5,546475;
4,179288;
4,765225;
4,3746;
2,616788;
4,3746;
3,788663;
4,765225;
4,3746;
4,179288;
3,983975;
2,421475;
3,202725;
2,226162;
2,421475;
0,8590823;
-0,5088443;
0,4686719;
0,07826149;
-3,243207;
0,07826149;
-2,070486;
-3,243207;
-0,1169437;
-1,289665;
-2,460896;
-1,875281;
-3,048002;
-2,070486;
-1,289665;
-0,313639;
-3,243207;
-2,460896;
-2,851307;
-2,656102;
-2,265691;
-4,804849;
-3,243207;
-2,070486;
-2,851307;
-4,024028;
-1,680076;
-3,828823;
-1,289665;
-1,875281;
-2,460896;
-2,265691;
-3,828823;
-5,19526;
-1,875281;
-3,438413;
-3,048002;
-2,851307;
-2,851307;
-3,048002;
-4,414439;
-5,58567;
-2,656102;
-3,243207;
-2,851307;
-2,851307;
-3,048002;
-4,024028;
-0,5088443;
-3,243207;
-3,048002;
-1,875281;
-3,828823;
-3,048002;
-4,414439;
-1,875281;
-3,828823;
-3,438413;
-2,851307;
-4,024028;
-4,804849;
-3,438413;
-3,438413;
-4,609644;
-1,680076;
-2,265691;
-2,851307;
-5,58567;
-4,609644;
-4,024028;
-1,875281;
-3,048002;
-5,000054;
-4,609644;
-5,000054;
-4,414439;
-4,024028;
-2,851307;
-2,460896;
-4,414439;
-3,828823;
-3,048002;
-3,828823;
-5,390465;
-3,633618;
-3,243207;
-2,851307;
-2,851307;
-3,633618;
-3,633618;
-2,656102;
-3,828823;
-2,851307;
-4,804849;
-3,633618;
-5,58567;
-2,265691;
-4,024028;
-4,219234;
-6,367981;
-1,680076;
-3,438413;
-3,243207;
-5,782365;
-3,048002;
-1,289665;
-3,048002;
-4,804849;
-3,048002;
-3,243207;
-2,460896;
-4,414439;
-5,000054;
-3,438413;
-4,804849;
-3,243207;
-3,048002;
-3,243207;
-4,024028;
-5,58567;
-2,656102;
-4,219234;
-3,048002;
-4,219234;
-2,265691;
-3,633618;
-4,804849;
-4,609644;
-3,243207;
-4,219234;
-5,390465;
-3,243207;
-0,1169437;
-2,656102;
-6,172776;
-4,414439;
-4,414439;
-3,048002;
-2,656102;
-5,19526;
-5,390465;
-2,460896;
-3,828823;
-3,243207;
-3,438413;
-4,219234;
-5,977571;
-4,219234;
-7,148802;
-4,609644;
-3,828823;
-3,828823;
-4,414439;
-4,414439;
-3,828823;
-5,19526;
-4,414439;
-5,19526;
-5,782365;
-4,219234;
-3,243207;
-3,828823;
-4,609644;
-3,243207;
-3,828823;
-3,048002;
-5,390465;
-4,804849;
-5,19526;
-3,243207;
-6,172776;
-3,243207;
-3,048002;
-3,048002;
-3,243207;
-4,609644;
-2,265691;
-5,000054;
-2,851307;
-3,243207;
-3,243207;
-5,390465;
-6,367981;
-3,633618;
-4,414439;
-6,367981;
-4,609644;
-4,414439;
-4,804849;
-4,609644;
-3,828823;
-5,000054;
-5,19526;
-7,148802;
-4,414439;
-3,828823;
-4,804849;
-5,390465;
-5,19526;
-5,782365;
-5,000054;
-5,19526;
-3,048002;
-3,828823;
-4,804849;
-4,024028;
-3,633618;
-4,609644;
-4,219234;
-6,563186;
-4,414439;
-1,48487;
-5,390465;
-3,828823;
-6,367981;
-4,609644;
-3,633618;
-5,19526;
-2,851307;
-5,390465;
-2,851307;
-5,19526;
-5,390465;
-4,609644;
-5,390465;
-3,048002;
-5,782365;
-4,804849;
-2,851307;
-4,609644;
-4,219234;
-3,243207;
-3,828823;
-2,656102;
-3,438413;
-6,172776;
-3,048002;
-3,048002;
-4,609644;
-6,367981;
-5,390465;
-3,828823;
-5,19526;
-4,024028;
-4,804849;
-5,000054;
-5,000054;
-3,633618;
-4,024028;
-5,000054;
-4,609644;
-3,243207;
-3,633618;
-2,851307;
-2,460896;
-7,344007;
-2,070486;
-5,977571;
-3,828823;
-3,828823;
-6,953597;
-3,048002;
-4,609644;
-3,048002;
-3,048002;
-2,851307;
-3,048002;
-5,782365;
-3,828823;
-4,219234;
-2,070486;
-3,243207;
-3,828823;
-2,460896;
-4,024028;
-4,024028;
-3,438413;
-1,09446;
-4,024028;
-2,656102;
-5,19526;
-2,460896;
-3,048002;
-2,460896;
-2,851307;
-1,875281;
-1,48487;
-2,460896;
-0,5088443;
-3,243207;
-2,460896;
-0,8992547;
-0,8992547;
-1,48487;
-2,851307;
-2,070486;
-1,48487;
-0,1169437;
-1,875281;
-0,8992547;
-1,289665;
-0,7040495;
-1,289665;
-2,070486;
-2,851307;
-0,313639;
-1,680076;
-1,289665;
-1,09446;
0,8590823;
0,2734667;
3,398037;
3,202725;
4,569913;
4,569913;
6,132412;
5,741787;
5,15585;
5,546475;
7,4996;
6,71835;
6,913663;
8,671475;
6,913663;
5,351163;
6,71835;
10,03866;
6,71835;
6,523038;
8,085538;
8,671475;
10,03866;
9,452726;
11,40585;
9,843351;
10,81991;
9,843351;
10,81991;
11,21054;
10,81991;
11,40585;
11,79648;
13,55429;
13,55429;
15,50741;
15,89804;
15,11679;
13,16366;
14,14023;
13,7496;
16,48398;
14,92148;
14,72616;
16,48398;
18,24179;
16,48398;
18,04648;
17,46054;
18,04648;
20,39023;
21,36679;
19,60898;
18,82773;
19,60898;
20,19491;
19,60898;
21,5621;
19,60898;
20,58554;
21,17148;
20,78085;
21,95273;
22,14804;
23,1246;
23,90585;
24,10116;
24,49179;
24,29648;
26,2496;
24,49179;
24,6871;
25,46835;
25,46835;
26,64023;
25,07773;
26,64023;
24,88241;
27,8121;
27,42148;
28,39804;
28,00742;
28,59335;
31,32773;
31,13242;
29,56992;
30,35116;
31,91366;
30,54648;
30,54648;
31,71835;
33,08554;
32,30429;
31,71835;
31,71835;
33,28085;
35,6246;
34,0621;
32,10898;
34,25741;
33,86679;
33,67148;
34,84335;
36,01522;
35,23398;
33,67148;
36,79648;
35,03867;
39,33554;
36,40585;
36,79648;
36,79648;
38,35898;
39,14023;
37,38241;
35,23398;
37,77304;
39,33554;
38,55429;
38,55429;
38,16367;
38,35898;
38,94492;
39,53085;
39,72617;
40,70273;
37,96835;
38,35898;
41,67929;
40,50742;
41,09335;
40,70273;
41,09335;
39,92148;
40,3121;
40,89804;
41,67929;
40,50742;
41,8746;
42,26523;
38,94492;
41,48398;
41,67929;
41,09335;
41,48398;
41,67929;
43,82773;
40,11679;
42,46054;
41,48398;
41,09335;
43,63242;
43,04647;
41,09335;
42,26523;
41,28867;
42,26523;
41,09335;
41,67929;
41,67929;
39,53085;
42,85117;
38,7496;
41,09335;
40,50742;
40,89804;
41,8746;
42,06992;
43,24179;
42,65585;
41,48398;
40,70273;
41,09335;
40,89804;
40,50742;
40,50742;
40,89804;
40,3121;
41,09335;
39,53085;
41,48398;
40,89804;
40,50742;
39,92148;
39,33554;
40,11679;
37,96835;
39,14023;
36,79648;
39,33554;
38,94492;
38,94492;
37,57773;
38,16367;
34,64804;
37,38241;
36,21054;
37,1871;
37,77304;
36,01522;
36,99179;
34,64804;
36,21054;
36,21054;
36,40585;
34,84335;
34,0621;
33,67148;
35,03867;
34,64804;
35,6246;
32,89023;
33,47617;
31,71835;
30,9371;
32,10898;
32,89023;
33,86679;
32,30429;
30,35116;
30,35116;
30,54648;
28,59335;
28,78866;
29,76522;
28,98398;
28,59335;
28,20273;
28,39804;
27,8121;
28,78866;
26,83554;
26,05429;
25,27304;
24,29648;
25,07773;
24,10116;
27,22616;
23,51523;
25,07773;
23,71054;
20,19491;
21,95273;
20,58554;
21,5621;
21,75741;
21,95273;
20,39023;
20,39023;
20,78085;
19,02304;
19,02304;
19,9996;
18,63241;
18,63241;
14,72616;
17,06991;
16,48398;
14,72616;
15,70273;
14,33554;
14,14023;
13,94491;
15,3121;
16,28866;
11,99179;
12,77304;
12,38241;
13,35898;
11,99179;
12,1871;
10,81991;
11,40585;
10,6246;
11,79648;
8,671475;
10,6246;
10,03866;
10,23398;
9,843351;
8,085538;
6,327725;
7,304288;
6,913663;
9,648039;
7,304288;
6,132412;
6,913663;
5,546475;
6,71835;
5,546475;
3,983975;
5,546475;
3,788663;
1,835538;
3,59335;
4,3746;
4,765225;
4,3746;
3,983975;
4,179288;
3,788663;
2,226162;
2,226162;
-0,313639;
2,03085;
3,202725;
2,226162;
-0,313639;
-1,680076;
0,8590823;
-1,48487;
-1,09446;
0,4686719;
0,2734667;
-2,070486;
-1,680076;
-3,243207;
-2,070486;
-1,875281;
-1,875281;
-1,09446;
-3,243207;
-1,680076;
-0,5088443;
-2,070486;
-1,680076;
-0,7040495;
-2,851307;
-3,438413;
-0,8992547;
-2,851307;
-2,265691;
-1,680076;
-1,289665;
-3,828823;
-1,09446;
-4,219234;
-3,048002;
-2,851307;
-3,243207;
-1,875281;
-3,828823;
-4,609644;
-3,633618;
-3,243207;
-4,024028;
-2,070486;
-1,48487;
-0,8992547;
-3,633618;
-4,024028;
-2,851307;
-3,048002;
-2,070486;
-4,024028;
-5,58567;
-2,070486;
-2,070486;
-2,851307;
-4,024028;
-3,048002;
-2,851307;
-4,414439;
-3,828823;
-1,680076;
-2,851307;
-4,024028;
-3,828823;
-3,243207;
-3,633618;
-3,048002;
-2,851307;
-3,048002;
-4,414439;
-3,048002;
-3,633618;
-2,656102;
-3,438413;
-3,438413;
-4,024028;
-4,609644;
-4,609644;
-4,219234;
-2,460896;
-3,438413;
-4,414439;
-2,460896;
-2,070486;
-4,414439;
-4,219234;
-3,243207;
-5,000054;
-2,070486;
-4,024028;
-2,070486;
-3,828823;
-2,656102;
-5,000054;
-4,219234;
-3,243207;
-3,438413;
-3,243207;
-3,438413;
-2,656102;
-1,680076;
-4,024028;
-4,219234;
-3,438413;
-5,000054;
-2,460896;
-3,438413;
-2,460896;
-3,438413;
-2,656102;
-3,828823;
-5,000054;
-3,438413;
-2,656102;
-4,414439;
-3,828823;
-2,070486;
-7,148802;
-3,828823;
-2,070486;
-3,243207;
-3,633618;
-4,609644;
-2,851307;
-4,609644;
-3,438413;
-2,070486;
-4,024028;
-2,070486;
-1,875281;
-2,460896;
-3,633618;
-3,828823;
-3,438413;
-3,048002;
-2,851307;
-2,851307;
-5,977571;
-3,633618;
-5,977571;
-4,024028;
-3,438413;
-4,414439;
-3,828823;
-3,828823;
-6,563186;
-3,243207;
-3,828823;
-3,048002;
-3,243207;
-3,438413;
-3,633618;
-3,438413;
-4,219234;
-4,024028;
-4,804849;
-3,633618;
-5,782365;
-3,828823;
-4,609644;
-2,265691;
-3,048002;
-3,633618;
-3,243207;
-5,390465;
-4,414439;
-3,243207;
-4,609644;
-3,438413;
-4,219234;
-7,539213;
-3,633618;
-6,172776;
-4,219234;
-4,024028;
-6,172776;
-4,219234;
-4,219234;
-5,782365;
-2,460896;
-4,609644;
-2,851307;
-2,460896;
-6,758391;
-5,000054;
-7,734417;
-3,828823;
-4,609644;
-3,048002;
-3,633618;
-5,977571;
-3,243207;
-3,048002;
-6,367981;
-5,977571;
-4,219234;
-4,414439;
-5,000054;
-4,609644;
-4,414439;
-2,460896;
-3,828823;
-5,58567;
-6,758391;
-5,58567;
-2,656102;
-5,977571;
-2,851307;
-5,782365;
-0,5088443;
-3,243207;
-5,000054;
-4,609644;
-4,804849;
-4,414439;
-2,656102;
-4,609644;
-5,390465;
-2,656102;
-5,000054;
-5,977571;
-4,024028;
-4,609644;
-4,414439;
-4,804849;
-5,000054;
-3,633618;
-3,438413;
-3,633618;
-1,680076;
-5,19526;
-4,024028;
-5,19526;
-4,804849;
-3,633618;
-5,58567;
-3,633618;
-5,58567;
-5,390465;
-5,000054;
-3,828823;
-4,414439;
-2,460896;
-3,828823;
-3,633618;
-4,414439;
-5,000054;
-4,804849;
-4,414439;
-2,070486;
-4,804849;
-4,024028;
-4,024028;
-2,656102;
-3,633618;
-5,19526;
-4,024028;
-2,460896;
-3,243207;
-1,48487;
-5,000054;
-4,414439;
-2,265691;
-2,851307;
-4,609644;
-3,048002;
-2,460896;
-4,219234;
-2,070486;
-4,024028;
-3,828823;
-2,851307;
-3,438413;
-3,048002;
-3,438413;
-4,024028;
-3,243207;
-4,219234;
-3,048002;
-3,243207;
-0,7040495;
-4,024028;
-3,633618;
-3,048002;
-2,656102;
-5,000054;
-3,048002;
-3,048002;
-3,243207;
-0,5088443;
-2,851307;
-3,243207;
-2,265691;
-0,5088443;
-1,680076;
-3,633618;
-1,875281;
-2,265691;
-1,48487;
-2,265691;
0,8590823;
-0,8992547;
-2,265691;
0,6638771;
-1,289665;
-1,875281;
-1,48487;
-1,48487;
0,2734667;
-1,289665;
-0,313639;
-0,313639;
2,226162;
1,640225;
3,202725;
4,3746;
4,179288;
3,398037;
5,741787;
5,15585;
3,788663;
5,546475;
6,327725;
5,741787;
6,913663;
7,694913;
6,913663;
8,866789;
7,304288;
6,71835;
9,257414;
7,694913;
7,108975;
9,257414;
8,476163;
9,843351;
9,452726;
9,257414;
10,42929;
13,16366;
8,866789;
10,42929;
11,60116;
11,21054;
14,14023;
14,92148;
10,81991;
11,60116;
13,55429;
14,33554;
12,1871;
15,70273;
15,50741;
15,11679;
15,11679;
15,70273;
16,28866;
18,82773;
16,09335;
17,26523;
16,28866;
19,60898;
18,4371;
19,02304;
17,26523;
19,80429;
20,58554;
19,60898;
21,17148;
20,58554;
21,95273;
21,95273;
23,51523;
22,92929;
23,71054;
23,90585;
23,90585;
22,73398;
26,05429;
26,2496;
24,29648;
25,27304;
24,88241;
24,6871;
25,66366;
25,66366;
26,05429;
27,61679;
24,88241;
28,78866;
26,44491;
28,39804;
29,96054;
28,98398;
29,56992;
29,76522;
29,76522;
29,3746;
31,13242;
29,96054;
30,35116;
33,08554;
31,71835;
32,89023;
32,10898;
32,30429;
31,71835;
32,89023;
33,47617;
34,45272;
34,25741;
35,23398;
33,28085;
35,81991;
35,42929;
35,81991;
36,40585;
33,86679;
37,1871;
37,1871;
35,03867;
37,1871;
36,21054;
35,42929;
37,96835;
35,6246;
37,77304;
37,1871;
38,16367;
37,77304;
38,94492;
39,53085;
40,11679;
38,35898;
39,14023;
37,57773;
39,53085;
38,7496;
41,09335;
40,50742;
39,33554;
39,33554;
41,09335;
42,65585;
43,82773;
39,72617;
39,72617;
40,11679;
41,48398;
42,46054;
41,67929;
42,26523;
42,26523;
40,70273;
40,50742;
41,28867;
42,65585;
41,48398;
42,06992;
40,89804;
41,09335;
41,48398;
43,04647;
40,89804;
42,06992;
38,94492;
40,11679;
41,8746;
41,48398;
40,70273;
42,06992;
41,28867;
41,28867;
42,06992;
39,33554;
42,65585;
42,06992;
42,65585;
41,09335;
41,8746;
43,04647;
39,72617;
40,50742;
40,11679;
39,72617;
40,50742;
40,50742;
40,50742;
41,67929;
39,53085;
40,50742;
41,8746;
38,7496;
41,67929;
40,89804;
38,7496;
37,77304;
38,94492;
39,53085;
39,33554;
39,33554;
39,33554;
39,33554;
39,72617;
37,1871;
38,55429;
39,92148;
38,7496;
36,40585;
38,35898;
35,81991;
38,55429;
36,21054;
36,99179;
34,84335;
34,45272;
35,23398;
34,25741;
34,84335;
33,86679;
34,84335;
32,89023;
33,67148;
33,47617;
31,32773;
29,76522;
31,13242;
33,28085;
31,32773;
32,69491;
33,47617;
29,3746;
33,08554;
30,54648;
28,39804;
29,96054;
28,00742;
28,78866;
28,98398;
28,20273;
28,39804;
28,59335;
27,8121;
26,2496;
25,46835;
25,66366;
25,66366;
24,29648;
24,29648;
24,10116;
25,46835;
24,29648;
24,29648;
23,31991;
22,34335;
19,41366;
21,75741;
25,07773;
21,17148;
20,78085;
19,41366;
19,9996;
18,63241;
17,26523;
19,80429;
18,4371;
17,85116;
16,8746;
16,8746;
16,09335;
15,3121;
14,72616;
13,7496;
12,38241;
13,35898;
14,14023;
12,38241;
11,99179;
10,03866;
13,55429;
12,77304;
12,38241;
12,1871;
12,57773;
8,671475;
12,57773;
9,0621;
9,648039;
9,257414;
7,890225;
8,476163;
7,304288;
7,108975;
7,694913;
6,132412;
5,741787;
7,108975;
5,741787;
8,476163;
7,890225;
5,546475;
4,960538;
5,15585;
6,132412;
4,569913;
5,15585;
3,202725;
4,3746;
4,569913;
5,9371;
4,3746;
3,398037;
3,788663;
3,202725;
1,2496;
3,007413;
3,202725;
-0,1169437;
1,835538;
1,054288;
-0,313639;
0,4686719;
0,07826149;
-0,8992547;
-1,680076;
-1,289665;
-1,48487;
-0,1169437;
-1,680076;
-0,5088443;
-2,070486;
-1,289665;
-1,48487;
-0,5088443;
-1,48487;
-2,460896;
-1,289665;
-1,48487;
-2,070486;
-3,438413;
-1,48487;
-3,048002;
-2,265691;
-2,656102;
-3,438413;
-1,289665;
-3,438413;
-2,460896;
-4,804849;
-2,265691;
-2,656102;
-2,265691;
-4,414439;
-3,633618;
-0,313639;
-2,070486;
-3,633618;
-2,656102;
-3,048002;
-4,804849;
-1,48487;
1,054288;
-0,5088443;
-1,680076;
-2,265691;
-2,460896;
-3,243207;
-2,070486;
-1,09446;
-3,828823;
-2,070486;
-2,070486;
-2,851307;
-3,828823;
-2,460896;
-3,633618;
-1,875281;
-3,633618;
-1,680076;
-4,804849;
-0,8992547;
-2,656102;
-3,048002;
0,07826149;
-2,070486;
-3,243207;
-3,633618;
-2,851307;
-1,875281;
-2,460896;
-3,048002;
-2,656102;
-2,070486;
-3,633618;
-3,048002;
-1,289665;
-3,828823;
-3,828823;
-3,633618;
-3,243207;
-3,828823;
-2,460896;
-2,265691;
-2,851307;
-2,851307;
-3,243207;
-1,680076;
-4,804849;
-2,460896;
-1,875281;
-3,243207;
-4,414439;
-5,000054;
-3,438413;
-2,656102;
-3,048002;
-4,219234;
-3,633618;
-4,609644;
-2,656102;
-3,438413;
-1,09446;
-3,633618;
-4,219234;
-4,414439;
-2,265691;
-3,438413;
-2,460896;
-4,414439;
-3,048002;
-4,219234;
-2,851307;
-1,680076;
-5,000054;
-3,243207;
-3,438413;
-3,048002;
-4,609644;
-2,656102;
-3,438413;
-2,851307;
-2,460896;
-3,828823;
-2,656102;
-6,367981;
-5,390465;
-3,048002;
-2,460896;
-3,438413;
-6,367981;
-4,024028;
-2,851307;
-4,414439;
-6,172776;
-4,024028;
-3,828823;
-4,219234;
-3,438413;
-4,609644;
-5,000054;
-4,219234;
-3,048002;
-3,828823;
-3,243207;
-2,851307;
-5,19526;
-5,19526;
-4,024028;
-3,243207;
-3,243207;
-4,414439;
-7,539213;
-5,19526;
-5,782365;
-5,390465;
-2,851307;
-4,219234;
-2,851307;
-4,609644;
-3,243207;
-2,656102;
-5,58567;
-6,172776;
-5,782365;
-4,609644;
-4,414439;
-2,070486;
-3,243207;
-2,851307;
-5,19526;
-7,539213;
-3,438413;
-4,024028;
-4,024028;
-4,024028;
-2,851307;
-4,609644;
-3,828823;
-3,243207;
-5,58567;
-5,000054;
-5,19526;
-6,563186;
-3,828823;
-3,243207;
-2,656102;
-4,804849;
-5,000054;
-5,58567;
-5,977571;
-2,265691;
-4,219234;
-6,367981;
-3,243207;
-4,414439;
-5,19526;
-3,828823;
-5,19526;
-4,804849;
-4,414439;
-4,414439;
-5,000054;
-4,219234;
-5,19526;
-4,609644;
-5,000054;
-4,414439;
-6,367981;
-3,438413;
-4,804849;
-3,438413;
-4,414439;
-3,438413;
-4,609644;
-5,19526;
-5,58567;
-2,656102;
-6,563186;
-3,438413;
-4,804849;
-5,19526;
-5,782365;
-2,460896;
-3,243207;
-5,782365;
-4,024028;
-3,243207;
-3,438413;
-5,19526;
-4,414439;
-2,851307;
-3,438413;
-1,680076;
-5,782365;
-4,024028;
-2,265691;
-2,851307;
-3,633618;
-4,804849;
-5,58567;
-4,024028;
-4,024028;
-5,390465;
-4,414439;
-2,851307;
-4,024028;
-5,58567;
-5,977571;
-4,219234;
-2,851307;
-3,828823;
-5,977571;
-5,19526;
-5,19526;
-6,367981;
-3,828823;
-4,024028;
-3,048002;
-3,438413;
-4,024028;
-4,219234;
-3,633618;
-4,024028;
-2,070486;
-1,875281;
-4,024028;
-3,438413;
-2,851307;
-5,390465;
-3,243207;
-4,804849;
-2,656102;
-2,851307;
-5,390465;
-1,875281;
-3,828823;
-1,875281;
-2,460896;
-4,804849;
-1,680076;
-2,460896;
-2,656102;
-2,656102;
-2,656102;
-5,000054;
-1,289665;
-3,633618;
-2,851307;
-3,243207;
-1,48487;
-1,48487;
-1,09446;
-0,7040495;
-3,633618;
-3,243207;
0,2734667;
-0,7040495;
0,07826149;
0,4686719;
-1,289665;
-0,7040495;
-0,1169437;
0,6638771;
-2,460896;
-2,265691;
-0,8992547;
-1,289665;
0,4686719;
-0,7040495;
2,226162;
4,3746;
4,960538;
5,15585;
4,960538;
5,351163;
2,616788;
5,9371;
5,351163;
5,741787;
6,523038;
7,4996;
6,327725;
7,304288;
5,546475;
6,327725;
8,866789;
5,741787;
7,108975;
8,476163;
9,257414;
9,0621;
10,03866;
9,648039;
9,648039;
9,843351;
12,1871;
10,23398;
10,6246;
11,01523;
11,01523;
12,96835;
12,77304;
11,40585;
13,35898;
13,16366;
11,99179;
15,70273;
15,70273;
13,94491;
14,53085;
14,72616;
17,06991;
15,50741;
13,35898;
15,3121;
16,67929;
19,80429;
16,8746;
17,26523;
16,67929;
18,24179;
19,21835;
20,97616;
20,39023;
20,78085;
20,19491;
21,95273;
19,21835;
20,58554;
21,36679;
22,14804;
23,51523;
22,34335;
24,29648;
24,29648;
23,71054;
24,88241;
26,2496;
24,49179;
26,83554;
25,46835;
25,85898;
26,64023;
26,44491;
26,64023;
28,98398;
27,22616;
29,76522;
28,20273;
30,35116;
29,56992;
30,74179;
31,32773;
30,74179;
29,76522;
28,78866;
29,96054;
30,9371;
32,4996;
33,08554;
32,89023;
32,89023;
32,4996;
32,30429;
34,45272;
34,84335;
34,0621;
35,42929;
35,81991;
35,23398;
34,64804;
35,23398;
35,81991;
36,40585;
35,6246;
37,77304;
36,60117;
35,81991;
33,67148;
36,79648;
36,99179;
39,14023;
36,60117;
38,55429;
38,94492;
36,60117;
36,60117;
36,60117;
37,1871;
37,57773;
36,79648;
39,33554;
37,57773;
39,14023;
40,50742;
39,33554;
40,11679;
40,89804;
39,53085;
40,89804;
41,09335;
40,89804;
39,92148;
41,09335;
41,09335;
41,09335;
40,3121;
40,50742;
41,28867;
41,8746;
41,28867;
39,72617;
40,70273;
40,89804;
39,92148;
41,8746;
41,09335;
42,26523;
42,06992;
41,67929;
40,50742;
41,48398;
41,09335;
41,67929;
41,48398;
42,65585;
42,46054;
40,11679;
43,04647;
41,67929;
42,46054;
42,65585;
42,65585;
41,67929;
40,11679;
40,89804;
41,09335;
42,26523;
40,11679;
41,8746;
41,28867;
39,92148;
41,28867;
40,50742;
39,72617;
39,92148;
39,92148;
40,3121;
41,48398;
39,53085;
40,70273;
38,55429;
39,92148;
40,3121;
39,92148;
40,3121;
41,8746;
38,16367;
38,94492;
39,33554;
37,96835;
36,60117;
38,94492;
37,77304;
36,60117;
35,81991;
36,01522;
37,1871;
37,38241;
35,23398;
34,25741;
35,42929;
37,38241;
34,84335;
36,60117;
34,64804;
33,67148;
33,47617;
34,0621;
34,64804;
34,25741;
34,45272;
31,52304;
32,89023;
31,32773;
31,71835;
31,13242;
31,13242;
31,91366;
29,96054;
30,9371;
28,20273;
28,39804;
27,8121;
28,20273;
30,15585;
29,17929;
26,2496;
26,2496;
23,90585;
25,07773;
28,20273;
27,22616;
25,85898;
27,22616;
25,46835;
23,71054;
23,1246;
22,73398;
23,51523;
22,92929;
21,17148;
22,14804;
22,34335;
20,78085;
18,82773;
19,60898;
19,80429;
17,65585;
18,04648;
18,04648;
17,26523;
15,70273;
16,48398;
15,11679;
14,53085;
15,50741;
14,92148;
15,3121;
14,92148;
13,94491;
13,35898;
13,55429;
12,1871;
14,53085;
12,1871;
12,38241;
11,79648;
10,6246;
10,6246;
10,6246;
10,23398;
10,03866;
10,03866;
9,648039;
8,866789;
11,01523;
7,890225;
5,741787;
8,28085;
7,694913;
8,671475;
6,132412;
6,523038;
7,694913;
7,890225;
3,398037;
5,351163;
6,71835;
4,569913;
5,546475;
4,179288;
5,546475;
2,8121;
5,741787;
4,765225;
3,398037;
3,398037;
2,616788;
5,15585;
4,179288;
5,546475;
1,054288;
3,202725;
0,4686719;
0,4686719;
-0,7040495;
0,4686719;
1,054288;
-1,48487;
-1,289665;
0,07826149;
-2,656102;
-2,460896;
-1,680076;
-1,289665;
0,4686719;
-1,09446;
-1,48487;
-4,414439;
-2,070486;
-2,851307;
-4,024028;
-2,070486;
-2,460896;
-1,875281;
-2,460896;
-3,633618;
-2,851307;
-3,243207;
-2,265691;
-1,875281;
-0,7040495;
-2,265691;
-2,070486;
-4,219234;
-3,048002;
-1,48487;
-2,265691;
-3,048002;
-0,8992547;
-3,633618;
-1,289665;
-3,048002;
-2,265691;
-3,633618;
-2,460896;
-1,875281;
-2,656102;
-1,289665;
-2,265691;
-1,680076;
-2,656102;
-2,460896;
-3,438413;
-4,609644;
-3,438413;
-2,460896;
-1,48487;
-4,219234;
-4,414439;
-2,070486;
-2,656102;
-3,243207;
-2,851307;
-5,58567;
-3,633618;
-4,024028;
-2,851307;
-3,048002;
-1,289665;
-3,828823;
-2,656102;
-2,460896;
-2,265691;
-5,977571;
-3,048002;
-3,438413;
-2,851307;
-3,633618;
-3,243207;
-5,000054;
-3,048002;
-3,438413;
-2,851307;
-2,265691;
-4,414439;
-3,438413;
-1,680076;
-3,828823;
-3,243207;
-3,243207;
-3,048002;
-3,243207;
-2,656102;
-4,804849;
-3,048002;
-4,219234;
-4,414439;
-5,58567;
-2,070486;
-3,048002;
-5,390465;
-3,828823;
-4,024028;
-2,656102;
-2,851307;
-1,680076;
-2,070486;
-4,804849;
-3,828823;
-3,243207;
-2,656102;
-1,289665;
-3,438413;
-2,070486;
-2,070486;
-2,851307;
-3,048002;
-4,219234;
-1,680076;
-3,438413;
-3,438413;
-4,024028;
-3,633618;
-4,609644;
-3,633618;
-4,609644;
-4,609644;
-4,414439;
-5,19526;
-4,804849;
-3,828823;
-5,58567;
-2,070486;
-5,390465;
-4,804849;
-5,782365;
-3,243207;
-2,656102;
-4,414439;
-4,024028;
-4,414439;
-3,828823;
-3,243207;
-4,609644;
-4,414439;
-4,804849;
-5,58567;
-5,19526;
-4,609644;
-4,414439;
-2,656102;
-3,828823;
-2,656102;
-3,828823;
-4,609644;
-3,438413;
-3,243207;
-4,804849;
-3,048002;
-2,070486;
-5,19526;
-3,633618;
-5,782365;
-5,58567;
-5,19526;
-4,414439;
-2,656102;
-3,633618;
-3,438413;
-4,609644;
-5,782365;
-5,390465;
-4,609644;
-3,633618;
-4,414439;
-1,875281;
-5,19526;
-2,656102;
-6,172776;
-3,633618;
-5,19526;
-3,828823;
-4,024028;
-4,414439;
-4,414439;
-5,000054;
-5,58567;
-4,414439;
-3,438413;
-4,414439;
-3,828823;
-4,219234;
-4,414439;
-4,804849;
-5,782365;
-3,633618;
-4,609644;
-5,782365;
-3,048002;
-3,828823;
-5,19526;
-2,656102;
-6,953597;
-3,633618;
-5,390465;
-4,609644;
-5,390465;
-4,414439;
-3,243207;
-4,414439;
-5,58567;
-5,58567;
-3,243207;
-2,851307;
-5,977571;
-0,8992547;
-5,782365;
-3,633618;
-6,758391;
-4,219234;
-3,243207;
-3,633618;
-4,609644;
-4,414439;
-2,851307;
-4,219234;
-3,243207;
-6,172776;
-3,828823;
-6,563186;
-2,070486;
-5,390465;
-6,172776;
-4,219234;
-3,828823;
-3,243207;
-3,048002;
-3,243207;
-3,438413;
-2,460896;
-5,58567;
-5,782365;
-3,828823;
-3,243207;
-4,609644;
-5,58567;
-5,58567;
-5,19526;
-4,024028;
-2,851307;
-3,048002;
-3,828823;
-5,390465;
-3,633618;
-4,804849;
-4,024028;
-5,58567;
-6,563186;
-4,609644;
-5,390465;
-4,219234;
-3,438413;
-4,609644;
-2,656102;
-3,438413;
-4,414439;
-4,219234;
-3,438413;
-3,828823;
-4,414439;
-4,414439;
-3,048002;
-2,656102;
-3,048002;
-3,048002;
-4,219234;
-3,048002;
-4,804849;
-2,851307;
-2,460896;
-2,656102;
-3,243207;
-3,243207;
-1,875281;
-1,680076;
-2,265691;
-2,265691;
-2,265691;
-2,265691;
-1,48487;
-3,633618;
-4,414439;
-1,289665;
-2,851307;
-3,243207;
-1,09446;
-2,070486;
-2,070486;
1,2496;
-1,680076;
-1,48487;
-2,265691;
-2,656102;
-1,680076;
-0,1169437;
-1,48487;
-0,5088443;
-1,09446;
-0,5088443;
-0,7040495;
-2,265691;
-1,680076;
1,054288;
0,6638771;
3,59335;
1,054288;
5,741787;
4,960538;
4,569913;
5,15585;
6,132412;
9,0621;
5,15585;
5,15585;
7,694913;
6,71835;
7,890225;
7,4996;
6,327725;
8,28085;
8,085538;
9,0621;
8,28085;
8,671475;
8,866789;
9,0621;
10,6246;
10,42929;
10,42929;
10,6246;
9,452726;
10,23398;
10,23398;
11,79648;
12,57773;
12,96835;
14,14023;
13,55429;
10,6246;
12,96835;
14,53085;
11,21054;
14,92148;
16,09335;
17,26523;
15,3121;
15,50741;
17,85116;
15,89804;
16,8746;
17,46054;
19,21835;
18,4371;
18,24179;
18,4371;
19,02304;
18,4371;
19,80429;
21,5621;
20,39023;
20,58554;
21,95273;
22,34335;
21,5621;
20,78085;
22,53866;
23,1246;
24,29648;
22,53866;
23,51523;
24,10116;
23,31991;
24,49179;
26,83554;
27,22616;
27,03085;
25,27304;
26,44491;
26,44491;
26,83554;
26,2496;
27,61679;
28,59335;
29,76522;
27,42148;
29,56992;
29,3746;
28,39804;
29,3746;
30,35116;
30,54648;
30,9371;
31,13242;
31,91366;
31,32773;
31,71835;
33,86679;
31,71835;
32,89023;
34,64804;
33,28085;
34,84335;
33,08554;
36,21054;
36,40585;
35,42929;
32,89023;
36,79648;
35,81991;
35,23398;
37,1871;
36,79648;
36,60117;
35,23398;
39,14023;
36,60117;
37,38241;
39,14023;
37,96835;
40,11679;
39,72617;
39,92148;
37,96835;
39,33554;
40,89804;
39,33554;
39,72617;
40,11679;
40,50742;
39,72617;
39,53085;
38,35898;
40,11679;
38,7496;
41,67929;
37,96835;
40,11679;
38,7496;
39,14023;
40,70273;
40,50742;
41,8746;
40,70273;
40,70273;
41,28867;
41,28867;
40,3121;
41,09335;
39,92148;
43,4371;
43,24179;
41,48398;
42,85117;
41,8746;
41,8746;
41,28867;
41,28867;
41,67929;
42,85117;
40,50742;
40,70273;
40,70273;
40,89804;
42,26523;
42,06992;
40,89804;
40,70273;
41,09335;
40,70273;
42,85117;
42,06992;
41,8746;
41,28867;
40,89804;
39,72617;
41,67929;
42,65585;
38,7496;
41,09335;
41,28867;
41,48398;
40,89804;
41,28867;
40,89804;
40,11679;
37,1871;
39,53085;
39,33554;
38,35898;
38,35898;
36,99179;
40,11679;
37,77304;
37,57773;
40,11679;
38,7496;
38,16367;
37,77304;
38,16367;
35,42929;
35,23398;
37,38241;
36,40585;
37,77304;
36,01522;
35,81991;
36,21054;
37,1871;
34,0621;
35,42929;
35,6246;
37,1871;
36,40585;
33,08554;
33,67148;
30,74179;
32,89023;
31,91366;
30,9371;
33,28085;
30,9371;
32,10898;
30,9371;
32,10898;
30,74179;
29,76522;
30,35116;
29,17929;
29,56992;
28,00742;
27,42148;
28,00742;
27,03085;
24,6871;
26,05429;
26,2496;
26,05429;
25,46835;
26,64023;
25,27304;
24,29648;
22,92929;
22,73398;
22,92929;
20,97616;
22,53866;
22,73398;
18,63241;
21,36679;
20,39023;
21,5621;
19,60898;
18,24179;
18,63241;
16,8746;
17,46054;
18,4371;
17,46054;
15,70273;
18,4371;
15,50741;
14,92148;
15,11679;
14,14023;
13,7496;
13,7496;
16,09335;
14,14023;
12,38241;
13,16366;
12,57773;
12,1871;
12,77304;
12,77304;
9,843351;
11,21054;
12,1871;
10,81991;
9,452726;
10,42929;
10,6246;
8,671475;
7,4996;
6,71835;
9,257414;
7,890225;
9,452726;
7,304288;
6,913663;
6,132412;
8,085538;
6,327725;
4,765225;
6,71835;
4,3746;
5,351163;
5,741787;
4,765225;
5,15585;
4,765225;
4,765225;
4,569913;
3,59335;
3,398037;
2,226162;
4,569913;
1,835538;
2,8121;
3,007413;
4,3746;
0,2734667;
1,054288;
-0,313639;
1,2496;
-0,1169437;
-0,313639;
2,03085;
1,054288;
2,8121;
0,07826149;
-1,680076;
-0,5088443;
-2,265691;
-1,48487;
-1,680076;
-1,680076;
-1,680076;
-4,024028;
-2,851307;
-1,875281;
-1,875281;
-1,680076;
-1,875281;
-3,048002;
-4,609644;
-2,656102;
-2,851307;
-2,656102;
-1,680076;
-1,289665;
-0,8992547;
-2,070486;
-2,851307;
0,8590823;
0,2734667;
-2,656102;
-2,265691;
-1,48487;
-2,851307;
-4,024028;
-2,265691;
-3,633618;
-3,243207;
-1,09446;
-1,680076;
-3,828823;
-5,19526;
-3,048002;
-2,070486;
-4,414439;
-1,875281;
-2,460896;
-3,438413;
-2,460896;
-3,048002;
-3,438413;
-3,633618;
-3,828823;
-3,243207;
-2,460896;
-1,680076;
-5,000054;
-4,804849;
-1,875281;
-1,875281;
-2,851307;
-3,633618;
-4,024028;
-3,243207;
-4,219234;
-2,070486;
-2,265691;
-2,265691;
-2,265691;
-1,48487;
-3,438413;
-1,289665;
-1,875281;
-1,09446;
-3,048002;
-3,828823;
-2,656102;
-2,460896;
-5,390465;
-2,460896;
-4,024028;
-0,7040495;
-3,438413;
-2,851307;
-2,656102;
-4,024028;
-3,438413;
-2,460896;
-4,609644;
-3,438413;
-5,58567;
-1,875281;
-1,680076;
-8,711933;
-3,828823;
-3,048002;
-4,219234;
-4,024028;
-3,438413;
-4,804849;
-3,828823;
-4,609644;
-2,851307;
-4,219234;
-4,024028;
-1,680076;
-4,414439;
-4,414439;
-4,804849;
-4,804849;
-4,024028;
-4,414439;
-4,219234;
-4,219234;
-4,609644;
-4,219234;
-3,633618;
-3,438413;
-4,804849;
-3,243207;
-3,828823;
-3,633618;
-3,438413;
-4,414439;
-4,414439;
-3,438413;
-4,609644;
-3,243207;
-3,828823;
-3,828823;
-6,172776;
-4,414439;
-4,024028;
-3,048002;
-3,243207;
-2,656102;
-2,460896;
-4,024028;
-3,438413;
-3,633618;
-5,977571;
-4,804849;
-5,000054;
-5,58567;
-3,633618;
-5,390465;
-3,828823;
-2,656102;
-4,609644;
-3,438413;
-5,58567;
-3,438413;
-4,024028;
-4,609644;
-4,414439;
-4,609644;
-1,09446;
