59,04688;
59,43751;
58,07032;
60,8047;
60,8047;
62,36719;
58,07032;
62,36719;
63,9297;
63,53907;
64,32032;
62,36719;
63,14845;
64,71094;
65,10156;
65,4922;
65,29688;
65,88282;
62,17188;
65,68751;
64,51563;
65,88282;
63,9297;
63,73437;
63,73437;
63,53907;
61,97657;
63,14845;
59,82813;
59,63282;
60,41407;
60,21875;
53,77344;
57,67969;
56,89844;
54,55469;
53,1875;
52,60157;
52,01563;
50,84376;
50,0625;
48,89063;
46,35157;
43,61719;
42,64063;
37,95313;
31,89844;
24,08594;
15,10157;
4,75;
-2,671339;
-3,84406;
-4,429676;
-4,429676;
-3,258444;
-5,210496;
-5,015291;
-6,578423;
-9,703197;
-9,117581;
-8,140065;
-8,922376;
-12,43756;
-9,117581;
-10,67922;
-10,09361;
-10,87443;
-11,06963;
-9,898402;
-12,24235;
-11,06963;
-11,06963;
-12,43756;
-12,24235;
-12,63276;
-12,82797;
-13,02318;
-16,34315;
-14,00069;
-13,02318;
-11,85194;
-13,804;
-13,804;
-13,804;
-11,46153;
-12,04715;
-13,21838;
-15,17192;
-11,65674;
-11,46153;
-11,26633;
-12,43756;
-12,43756;
-11,85194;
-10,87443;
-9,507992;
-10,48402;
-8,727171;
-9,117581;
-9,117581;
-10,28881;
-9,117581;
-9,703197;
-9,117581;
-7,164039;
-8,33527;
-8,33527;
-6,188013;
-5,600907;
-7,164039;
-3,258444;
-5,600907;
-2,671339;
5,335938;
9,046876;
19,39844;
24,86719;
36,0;
45,96094;
51,625;
53,38282;
55,14063;
56,3125;
54,55469;
56,3125;
59,24219;
59,82813;
59,82813;
59,43751;
61,39063;
60,60938;
61,58594;
61,39063;
62,75782;
60,60938;
64,32032;
63,53907;
64,71094;
61,58594;
63,73437;
64,51563;
63,14845;
64,90626;
64,90626;
65,29688;
66,46875;
61,78125;
64,32032;
64,90626;
64,90626;
63,14845;
61,58594;
62,95313;
60,21875;
61,78125;
59,24219;
60,8047;
59,24219;
57,67969;
58,65625;
56,11719;
56,11719;
55,14063;
52,79688;
52,99219;
50,45313;
51,03907;
49,28125;
47,52344;
46,9375;
43,8125;
39,90625;
34,82813;
28,96875;
20,96094;
13,14844;
2,210938;
-3,45365;
-3,84406;
-4,820086;
-7,164039;
-4,429676;
-5,797602;
-4,624881;
-5,210496;
-8,922376;
-9,117581;
-9,312786;
-9,703197;
-9,703197;
-9,507992;
-10,28881;
-9,507992;
-11,06963;
-10,48402;
-11,65674;
-10,09361;
-12,82797;
-10,67922;
-13,41359;
-10,09361;
-14,00069;
-11,65674;
-11,85194;
-12,43756;
-9,703197;
-13,41359;
-12,43756;
-14,1959;
-12,43756;
-12,43756;
-11,46153;
-11,65674;
-11,85194;
-10,87443;
-11,46153;
-10,48402;
-10,48402;
-12,63276;
-12,04715;
-8,140065;
-10,87443;
-8,922376;
-11,85194;
-11,46153;
-10,48402;
-8,140065;
-8,727171;
-9,117581;
-8,33527;
-8,140065;
-7,94486;
-6,578423;
-7,359244;
-6,578423;
-5,405702;
-6,383218;
-5,600907;
-5,600907;
-1,304688;
2,601563;
11,78125;
18,22657;
25,64844;
39,51563;
46,9375;
51,23438;
51,23438;
56,89844;
56,50782;
56,89844;
54,75;
58,26563;
57,09376;
57,875;
60,02344;
60,21875;
60,41407;
59,82813;
62,56251;
61,97657;
62,75782;
61,97657;
64,51563;
64,71094;
64,12501;
64,71094;
65,10156;
63,9297;
66,07812;
65,68751;
64,32032;
64,90626;
65,4922;
63,14845;
64,71094;
64,12501;
63,53907;
62,17188;
60,60938;
61,0;
60,41407;
61,0;
59,24219;
60,02344;
56,70313;
58,07032;
55,14063;
55,72656;
56,11719;
53,77344;
54,55469;
50,25781;
49,86719;
47,13281;
48,5;
44,59375;
43,8125;
39,32032;
30,92188;
25,84375;
18,22657;
9,437501;
0,2578126;
-5,015291;
-3,063239;
-4,039265;
-5,405702;
-4,039265;
-5,210496;
-5,210496;
-6,578423;
-6,383218;
-9,898402;
-10,28881;
-10,09361;
-8,33527;
-9,312786;
-10,28881;
-10,28881;
-11,46153;
-12,04715;
-11,85194;
-11,85194;
-13,60879;
-13,41359;
-12,04715;
-10,09361;
-10,48402;
-14,3911;
-12,04715;
-12,82797;
-11,06963;
-13,41359;
-10,67922;
-12,82797;
-11,06963;
-12,24235;
-11,26633;
-12,04715;
-10,48402;
-11,85194;
-11,65674;
-11,06963;
-12,04715;
-11,06963;
-10,67922;
-9,898402;
-10,09361;
-10,09361;
-12,43756;
-13,21838;
-7,359244;
-8,140065;
-8,922376;
-9,312786;
-6,188013;
-8,140065;
-9,312786;
-8,33527;
-8,140065;
-8,33527;
-6,773628;
-4,624881;
-3,258444;
-3,45365;
-0,5234376;
5,921875;
11,58594;
20,57031;
28,96875;
43,22657;
50,25781;
53,1875;
54,35937;
54,55469;
55,92188;
57,67969;
58,26563;
59,24219;
59,63282;
59,82813;
60,21875;
60,8047;
62,56251;
61,97657;
64,71094;
61,97657;
61,97657;
62,95313;
65,4922;
62,56251;
64,12501;
63,73437;
64,12501;
65,10156;
63,34375;
66,27345;
64,32032;
65,29688;
65,10156;
63,34375;
63,73437;
62,95313;
64,71094;
63,9297;
62,75782;
61,19532;
59,63282;
59,63282;
58,85157;
56,50782;
56,89844;
53,1875;
53,96876;
52,79688;
52,21095;
52,99219;
50,45313;
49,47657;
46,15625;
45,57032;
45,57032;
39,32032;
38,34375;
30,53125;
22,32813;
14,32031;
3,382813;
-2,476133;
-4,624881;
-4,820086;
-5,405702;
-4,039265;
-5,992807;
-5,015291;
-6,578423;
-7,554449;
-8,140065;
-11,65674;
-9,507992;
-10,28881;
-12,04715;
-11,26633;
-11,46153;
-11,65674;
-12,24235;
-10,28881;
-10,28881;
-10,87443;
-10,28881;
-14,1959;
-10,87443;
-11,85194;
-12,43756;
-13,60879;
-14,1959;
-12,63276;
-11,65674;
-11,46153;
-11,06963;
-13,21838;
-12,63276;
-13,804;
-13,21838;
-10,28881;
-12,24235;
-11,46153;
-11,26633;
-12,04715;
-10,48402;
-11,46153;
-11,85194;
-8,531965;
-8,140065;
-8,922376;
-9,312786;
-10,09361;
-11,46153;
-10,87443;
-9,703197;
-8,922376;
-9,703197;
-8,727171;
-7,554449;
-7,164039;
-6,383218;
-6,383218;
-6,383218;
-4,429676;
-5,015291;
-2,085723;
4,554688;
7,289063;
14,125;
24,47656;
34,82813;
43,42188;
51,42969;
53,96876;
52,40625;
55,92188;
57,09376;
56,50782;
56,11719;
58,85157;
59,82813;
60,02344;
59,82813;
60,02344;
62,56251;
61,78125;
62,36719;
61,0;
61,58594;
62,75782;
64,90626;
65,4922;
66,27345;
65,68751;
64,12501;
66,27345;
65,4922;
64,71094;
64,90626;
65,88282;
65,10156;
62,36719;
61,58594;
64,32032;
62,75782;
61,39063;
60,41407;
60,41407;
60,60938;
57,09376;
59,82813;
56,70313;
56,89844;
55,53125;
55,72656;
52,99219;
54,55469;
52,99219;
52,21095;
52,21095;
49,86719;
50,0625;
47,13281;
44,98438;
40,88282;
35,60938;
27,01563;
21,15625;
11,78125;
3,578125;
-4,624881;
-2,866544;
-2,866544;
-3,45365;
-3,45365;
-5,210496;
-4,039265;
-5,210496;
-6,578423;
-9,507992;
-9,507992;
-9,507992;
-11,06963;
-10,28881;
-11,46153;
-11,06963;
-11,26633;
-11,85194;
-11,46153;
-13,41359;
-11,85194;
-11,85194;
-11,46153;
-14,1959;
-13,60879;
-13,60879;
-10,87443;
-13,02318;
-12,63276;
-13,02318;
-13,21838;
-16,14795;
-12,63276;
-13,21838;
-12,24235;
-15,56233;
-8,922376;
-11,65674;
-9,703197;
-10,09361;
-12,04715;
-11,06963;
-12,63276;
-11,85194;
-9,507992;
-10,09361;
-9,117581;
-11,46153;
-8,727171;
-9,898402;
-8,140065;
-8,140065;
-7,94486;
-7,359244;
-7,749654;
-5,797602;
-7,554449;
-6,578423;
-5,405702;
-5,405702;
-5,600907;
-3,648855;
1,039063;
5,140625;
8,656251;
19,20313;
26,625;
37,5625;
48,89063;
51,03907;
53,96876;
54,75;
56,50782;
56,50782;
56,50782;
57,67969;
58,26563;
57,48438;
60,02344;
60,60938;
61,0;
61,19532;
61,39063;
63,34375;
63,34375;
64,32032;
63,53907;
65,10156;
65,29688;
64,90626;
65,88282;
63,9297;
65,10156;
66,27345;
65,68751;
63,73437;
65,29688;
61,97657;
64,90626;
62,75782;
62,36719;
60,41407;
61,58594;
61,58594;
60,60938;
59,24219;
58,65625;
57,67969;
59,04688;
58,46095;
54,94532;
55,53125;
52,40625;
54,94532;
53,77344;
51,42969;
50,25781;
51,23438;
47,13281;
46,54688;
44,20313;
37,36719;
31,89844;
24,67188;
13,53906;
7,484376;
-0,1328125;
-7,554449;
-5,405702;
-4,429676;
-5,992807;
-3,84406;
-2,671339;
-7,554449;
-5,015291;
-8,727171;
-8,922376;
-8,531965;
-7,94486;
-9,898402;
-10,87443;
-10,67922;
-10,48402;
-9,703197;
-12,63276;
-11,06963;
-11,06963;
-14,00069;
-13,804;
-13,60879;
-13,41359;
-9,507992;
-13,60879;
-11,46153;
-13,02318;
-13,21838;
-11,85194;
-13,21838;
-9,898402;
-13,02318;
-9,703197;
-11,46153;
-12,82797;
-11,85194;
-13,60879;
-11,06963;
-11,06963;
-11,26633;
-9,898402;
-11,85194;
-11,65674;
-14,3911;
-9,117581;
-9,898402;
-10,87443;
-10,28881;
-8,922376;
-8,531965;
-5,992807;
-6,188013;
-7,94486;
-8,922376;
-7,94486;
-5,992807;
-6,188013;
-4,039265;
-5,210496;
-7,359244;
-4,23447;
2,992188;
8,656251;
10,80469;
20,96094;
33,65625;
40,88282;
53,1875;
51,82032;
54,35937;
54,75;
55,92188;
54,55469;
57,09376;
59,43751;
59,82813;
59,43751;
61,19532;
58,46095;
60,21875;
60,8047;
62,75782;
60,8047;
63,9297;
62,17188;
64,71094;
64,90626;
63,53907;
66,27345;
64,12501;
68,6172;
65,88282;
64,90626;
63,9297;
65,68751;
64,71094;
66,66407;
64,90626;
61,97657;
62,36719;
62,17188;
62,17188;
62,75782;
60,41407;
59,43751;
57,48438;
59,63282;
57,67969;
56,11719;
57,67969;
54,75;
54,55469;
53,96876;
50,45313;
51,42969;
49,67188;
47,71875;
46,54688;
45,375;
42,44532;
34,4375;
26,23438;
21,74219;
11,19531;
4,359375;
-4,039265;
-4,820086;
-4,624881;
-4,039265;
-2,476133;
-4,23447;
-5,405702;
-4,429676;
-6,188013;
-6,578423;
-10,48402;
-8,727171;
-9,898402;
-10,87443;
-9,312786;
-12,04715;
-11,85194;
-10,09361;
-12,04715;
-10,48402;
-12,04715;
-11,46153;
-11,46153;
-13,02318;
-12,04715;
-12,82797;
-11,26633;
-14,97672;
-13,02318;
-11,65674;
-12,82797;
-14,1959;
-14,1959;
-11,65674;
-9,507992;
-11,85194;
-12,63276;
-10,87443;
-9,898402;
-11,26633;
-12,43756;
-11,06963;
-12,04715;
-12,43756;
-10,09361;
-11,46153;
-10,48402;
-9,117581;
-10,48402;
-8,531965;
-8,140065;
-8,140065;
-8,531965;
-8,33527;
-6,968833;
-8,33527;
-9,117581;
-7,554449;
-8,727171;
-5,600907;
-4,820086;
-4,429676;
-2,280928;
3,382813;
8,265626;
14,125;
24,28125;
34,04688;
43,8125;
51,82032;
50,84376;
53,1875;
55,72656;
56,70313;
56,70313;
56,70313;
58,46095;
58,65625;
62,95313;
60,02344;
62,75782;
60,41407;
62,36719;
61,19532;
62,75782;
62,36719;
63,53907;
62,56251;
63,73437;
64,32032;
62,36719;
65,4922;
66,07812;
63,14845;
65,4922;
67,0547;
66,07812;
64,90626;
65,10156;
63,14845;
64,51563;
61,0;
62,95313;
59,82813;
61,78125;
59,04688;
58,46095;
59,63282;
59,63282;
57,48438;
56,3125;
55,53125;
54,55469;
53,96876;
52,01563;
49,47657;
53,38282;
49,47657;
48,10938;
45,17969;
42,44532;
39,125;
36,39063;
25,84375;
18,8125;
10,60938;
1,429688;
-5,992807;
-3,84406;
-4,429676;
-3,063239;
-3,648855;
-4,23447;
-5,797602;
-5,992807;
-8,531965;
-8,531965;
-10,28881;
-8,922376;
-7,359244;
-13,60879;
-8,922376;
-9,898402;
-9,507992;
-8,922376;
-11,85194;
-11,46153;
-11,65674;
-10,87443;
-13,21838;
-13,02318;
-13,804;
-13,60879;
-14,78151;
-12,63276;
-12,04715;
-12,63276;
-13,21838;
-14,1959;
-14,58631;
-12,43756;
-10,28881;
-12,04715;
-14,58631;
-11,26633;
-12,43756;
-8,922376;
-8,140065;
-12,24235;
-9,312786;
-8,531965;
-9,507992;
-10,87443;
-11,85194;
-10,67922;
-8,33527;
-10,48402;
-8,727171;
-7,164039;
-6,968833;
-8,33527;
-6,383218;
-6,773628;
-7,94486;
-6,578423;
-7,359244;
-5,600907;
-4,624881;
-3,45365;
-0,1328125;
3,382813;
10,80469;
15,88282;
26,42969;
39,51563;
48,69532;
52,01563;
53,96876;
54,94532;
57,09376;
56,50782;
53,96876;
57,67969;
58,07032;
59,63282;
60,02344;
61,0;
60,41407;
60,21875;
59,63282;
61,58594;
63,73437;
64,51563;
62,95313;
64,90626;
63,9297;
66,07812;
63,73437;
65,4922;
66,46875;
65,10156;
64,71094;
65,29688;
64,12501;
65,68751;
65,29688;
64,12501;
62,56251;
62,75782;
62,56251;
61,39063;
59,04688;
57,48438;
57,48438;
58,07032;
58,85157;
54,94532;
55,72656;
54,35937;
52,40625;
54,16407;
52,01563;
51,82032;
50,45313;
49,47657;
48,30469;
45,96094;
42,44532;
37,5625;
31,11719;
21,54688;
15,49219;
6,898438;
-1,109375;
-6,188013;
-5,405702;
-5,015291;
-4,429676;
-4,429676;
-5,210496;
-5,992807;
-5,600907;
-6,578423;
-8,727171;
-8,33527;
-9,507992;
-10,48402;
-9,703197;
-9,703197;
-10,87443;
-10,87443;
-11,65674;
-11,85194;
-11,65674;
-11,26633;
-12,82797;
-10,09361;
-11,85194;
-12,43756;
-12,43756;
-11,06963;
-12,82797;
-13,21838;
-12,63276;
-15,56233;
-13,02318;
-12,43756;
-11,06963;
-12,43756;
-12,43756;
-13,41359;
-12,04715;
-12,63276;
-11,85194;
-11,26633;
-10,87443;
-10,48402;
-12,63276;
-11,26633;
-9,898402;
-8,922376;
-8,140065;
-7,94486;
-6,578423;
-9,117581;
-8,922376;
-7,359244;
-7,749654;
-7,164039;
-7,94486;
-5,797602;
-6,578423;
-4,820086;
-4,429676;
-5,405702;
-4,039265;
2,796875;
7,875001;
14,51563;
20,76563;
33,26563;
42,83594;
49,08594;
53,38282;
53,96876;
54,94532;
55,92188;
56,70313;
57,09376;
57,28907;
57,48438;
59,43751;
61,78125;
59,82813;
60,60938;
61,39063;
62,75782;
60,60938;
63,53907;
62,56251;
65,4922;
66,46875;
64,51563;
65,68751;
64,32032;
67,25001;
65,4922;
66,07812;
64,71094;
65,4922;
63,53907;
64,51563;
63,9297;
62,95313;
63,73437;
59,82813;
60,21875;
61,0;
60,41407;
58,07032;
59,04688;
58,07032;
57,48438;
56,70313;
54,55469;
55,14063;
52,99219;
53,96876;
51,42969;
49,47657;
50,0625;
47,71875;
47,13281;
45,375;
40,49219;
32,28907;
28,96875;
20,57031;
13,53906;
5,726563;
-4,820086;
-3,84406;
-4,23447;
-4,039265;
-2,085723;
-4,429676;
-4,820086;
-4,039265;
-6,578423;
-7,164039;
-8,922376;
-9,312786;
-10,09361;
-10,87443;
-10,67922;
-9,117581;
-13,02318;
-12,24235;
-11,85194;
-12,63276;
-9,898402;
-13,02318;
-12,04715;
-13,41359;
-11,85194;
-11,85194;
-10,67922;
-14,1959;
-13,02318;
-11,85194;
-12,43756;
-12,82797;
-13,21838;
-13,60879;
-12,43756;
-11,06963;
-13,21838;
-12,24235;
-10,48402;
-13,02318;
-9,898402;
-12,04715;
-9,507992;
-7,359244;
-9,703197;
-11,65674;
-11,85194;
-11,26633;
-11,26633;
-12,82797;
-9,312786;
-8,531965;
-6,383218;
-7,554449;
-8,531965;
-7,554449;
-7,359244;
-5,600907;
-5,600907;
-7,554449;
-4,429676;
-4,23447;
-0,9140626;
2,796875;
9,046876;
13,73438;
26,42969;
36,39063;
46,54688;
52,79688;
52,40625;
54,55469;
54,35937;
58,46095;
55,14063;
59,82813;
57,48438;
60,8047;
59,82813;
59,82813;
60,02344;
62,95313;
61,78125;
60,8047;
62,36719;
60,60938;
64,32032;
63,34375;
62,95313;
64,90626;
65,10156;
64,90626;
65,68751;
64,32032;
65,10156;
64,90626;
65,29688;
64,32032;
63,9297;
64,71094;
62,36719;
63,14845;
61,97657;
61,39063;
59,24219;
62,95313;
58,65625;
57,48438;
58,46095;
57,67969;
54,75;
55,33595;
51,82032;
49,08594;
52,99219;
51,03907;
48,89063;
50,64844;
47,71875;
44,98438;
44,20313;
37,5625;
33,65625;
25,45313;
17,83594;
10,80469;
-0,1328125;
-5,405702;
-3,063239;
-5,015291;
-5,015291;
-3,45365;
-5,210496;
-5,600907;
-6,773628;
-9,312786;
-8,33527;
-8,531965;
-9,898402;
-10,67922;
-8,140065;
-10,67922;
-9,507992;
-10,87443;
-12,63276;
-11,06963;
-12,04715;
-10,87443;
-11,26633;
-12,24235;
-14,58631;
-12,63276;
-12,63276;
-13,02318;
-12,43756;
-13,60879;
-11,46153;
-13,02318;
-14,3911;
-11,06963;
-11,85194;
-13,804;
-11,26633;
-13,41359;
-12,43756;
-11,06963;
-11,26633;
-8,531965;
-7,94486;
-10,67922;
-14,00069;
-10,87443;
-10,67922;
-11,26633;
-7,94486;
-9,703197;
-5,015291;
-9,312786;
-8,727171;
-6,383218;
-7,554449;
-7,554449;
-6,968833;
-6,188013;
-5,797602;
-6,383218;
-5,600907;
-3,258444;
-4,429676;
2,796875;
5,726563;
10,21875;
17,44532;
28,1875;
40,49219;
49,67188;
52,40625;
53,57813;
52,99219;
56,3125;
57,48438;
56,70313;
57,28907;
58,85157;
59,43751;
61,58594;
60,41407;
61,97657;
61,39063;
61,19532;
61,58594;
62,95313;
63,9297;
62,75782;
65,68751;
65,10156;
65,29688;
65,88282;
64,32032;
65,4922;
64,32032;
66,07812;
63,14845;
65,10156;
65,4922;
62,95313;
63,34375;
63,73437;
58,26563;
59,63282;
60,60938;
59,24219;
60,02344;
59,43751;
57,67969;
57,28907;
57,48438;
54,94532;
54,75;
53,1875;
51,82032;
52,60157;
51,03907;
50,64844;
47,71875;
44,98438;
41,07813;
38,53907;
28,96875;
21,35156;
14,32031;
4,359375;
-0,1328125;
-4,624881;
-4,820086;
-4,820086;
-6,188013;
-3,063239;
-5,405702;
-6,188013;
-6,773628;
-6,383218;
-7,749654;
-7,554449;
-9,703197;
-10,87443;
-8,727171;
-12,04715;
-11,85194;
-10,09361;
-12,24235;
-12,43756;
-14,58631;
-11,26633;
-11,46153;
-11,26633;
-13,02318;
-13,60879;
-12,43756;
-12,43756;
-12,63276;
-14,00069;
-11,85194;
-13,02318;
-12,43756;
-14,58631;
-14,00069;
-12,63276;
-11,65674;
-12,24235;
-12,24235;
-11,85194;
-11,85194;
-10,87443;
-11,26633;
-10,09361;
-10,67922;
-7,94486;
-9,703197;
-10,48402;
-9,117581;
-7,749654;
-12,43756;
-8,922376;
-7,164039;
-8,531965;
-7,164039;
-6,968833;
-6,188013;
-5,210496;
-8,531965;
-4,23447;
-3,45365;
-4,820086;
-3,063239;
2,796875;
8,460938;
13,92969;
24,67188;
35,41407;
43,8125;
48,69532;
53,96876;
53,57813;
56,3125;
56,11719;
55,53125;
57,48438;
59,04688;
59,43751;
60,02344;
61,39063;
61,39063;
60,41407;
63,34375;
62,95313;
61,39063;
64,71094;
62,56251;
64,32032;
64,12501;
63,73437;
63,73437;
67,25001;
65,29688;
63,14845;
65,68751;
65,88282;
64,71094;
66,66407;
64,71094;
63,9297;
61,58594;
61,78125;
61,0;
58,85157;
60,60938;
59,43751;
59,04688;
59,63282;
57,28907;
55,72656;
56,70313;
54,35937;
54,16407;
51,625;
52,60157;
50,84376;
49,47657;
49,28125;
47,71875;
45,76563;
43,61719;
40,6875;
35,02344;
27,01563;
15,6875;
11,97656;
0,6484374;
-5,210496;
-4,039265;
-4,429676;
-2,476133;
-5,210496;
-3,84406;
-4,23447;
-7,94486;
-4,429676;
-9,117581;
-7,359244;
-12,04715;
-12,82797;
-9,898402;
-9,703197;
-11,65674;
-11,65674;
-12,43756;
-10,67922;
-12,24235;
-11,06963;
-10,87443;
-11,46153;
-13,41359;
-12,04715;
-10,28881;
-12,04715;
-11,65674;
-11,26633;
-11,46153;
-12,04715;
-12,63276;
-10,67922;
-11,85194;
-13,60879;
-10,48402;
-11,06963;
-11,85194;
-11,06963;
-10,28881;
-12,24235;
-9,898402;
-12,24235;
-10,67922;
-10,28881;
-12,04715;
-8,727171;
-9,117581;
-9,312786;
-9,507992;
-7,359244;
-8,531965;
-7,554449;
-8,727171;
-5,405702;
-6,578423;
-7,749654;
-7,554449;
-5,992807;
-6,773628;
-6,188013;
-3,258444;
1,429688;
6,703126;
9,632813;
16,07813;
26,23438;
38,34375;
48,69532;
51,42969;
51,42969;
52,99219;
54,55469;
56,70313;
55,72656;
57,28907;
59,04688;
61,19532;
60,60938;
60,41407;
60,8047;
58,65625;
61,19532;
64,71094;
63,34375;
62,36719;
62,17188;
65,4922;
64,90626;
65,88282;
64,71094;
64,12501;
67,0547;
65,88282;
65,4922;
65,29688;
63,9297;
63,9297;
66,07812;
63,34375;
62,95313;
60,21875;
61,39063;
60,8047;
59,24219;
59,63282;
58,65625;
58,07032;
57,48438;
57,48438;
57,48438;
54,35937;
54,55469;
52,40625;
52,99219;
51,23438;
52,01563;
47,52344;
47,13281;
44,39844;
41,85938;
39,125;
30,53125;
22,52344;
15,49219;
8,070313;
-2,476133;
-5,210496;
-5,600907;
-3,648855;
-5,015291;
-5,405702;
-4,23447;
-7,94486;
-5,405702;
-7,554449;
-8,922376;
-10,09361;
-8,140065;
-8,922376;
-10,48402;
-10,67922;
-11,65674;
-11,06963;
-11,85194;
-10,87443;
-10,28881;
-12,43756;
-12,24235;
-14,1959;
-12,82797;
-13,804;
-12,24235;
-12,82797;
-12,82797;
-11,46153;
-12,43756;
-11,06963;
-11,85194;
-13,804;
-10,28881;
-13,804;
-12,24235;
-11,85194;
-13,41359;
-10,67922;
-12,82797;
-12,04715;
-15,56233;
-10,67922;
-10,09361;
-8,140065;
-12,43756;
-9,312786;
-9,703197;
-9,507992;
-9,117581;
-6,968833;
-8,922376;
-9,703197;
-8,727171;
-8,33527;
-7,554449;
-6,188013;
-5,600907;
-7,164039;
-4,624881;
-5,405702;
-2,866544;
3,382813;
6,3125;
12,17188;
17,83594;
31,70313;
42,83594;
52,01563;
52,40625;
52,79688;
55,33595;
55,92188;
55,53125;
58,26563;
58,85157;
58,26563;
58,26563;
62,56251;
62,17188;
60,02344;
61,78125;
62,75782;
61,58594;
61,78125;
62,75782;
65,10156;
64,32032;
63,53907;
65,29688;
65,68751;
66,85938;
64,12501;
64,90626;
65,10156;
63,9297;
63,14845;
62,56251;
63,73437;
65,4922;
61,39063;
61,19532;
63,73437;
61,78125;
59,43751;
59,63282;
59,43751;
55,14063;
57,67969;
55,53125;
55,33595;
54,55469;
54,55469;
52,60157;
51,42969;
52,79688;
48,89063;
47,32813;
44,59375;
44,59375;
39,90625;
33,26563;
27,01563;
19,78907;
12,17188;
2,015625;
-4,039265;
-5,405702;
-3,84406;
-4,820086;
-4,624881;
-3,258444;
-4,624881;
-4,23447;
-8,922376;
-6,773628;
-8,727171;
-8,140065;
-8,727171;
-10,28881;
-9,312786;
-9,507992;
-12,04715;
-8,727171;
-12,43756;
-9,117581;
-13,804;
-10,09361;
-12,43756;
-13,02318;
-12,63276;
-11,26633;
-13,21838;
-13,02318;
-12,24235;
-13,02318;
-13,02318;
-12,82797;
-13,804;
-12,04715;
-11,46153;
-10,67922;
-10,28881;
-13,41359;
-12,82797;
-9,703197;
-13,60879;
-11,65674;
-10,28881;
-9,117581;
-10,67922;
-12,82797;
-10,87443;
-9,507992;
-10,67922;
-9,507992;
-7,359244;
-11,06963;
-7,94486;
-8,922376;
-7,749654;
-7,94486;
-8,33527;
-7,94486;
-5,210496;
-5,992807;
-3,84406;
-5,992807;
-0,9140626;
3,96875;
8,070313;
15,49219;
25,45313;
37,5625;
45,375;
50,64844;
53,1875;
54,16407;
55,14063;
54,75;
56,89844;
58,85157;
59,04688;
57,875;
59,43751;
59,24219;
59,63282;
60,8047;
61,78125;
61,39063;
62,75782;
64,12501;
62,56251;
63,73437;
63,73437;
64,32032;
65,10156;
63,9297;
64,51563;
65,68751;
66,46875;
64,32032;
66,27345;
64,32032;
63,9297;
63,34375;
65,68751;
62,56251;
61,58594;
60,21875;
60,02344;
59,63282;
58,46095;
57,67969;
55,14063;
56,11719;
55,53125;
55,14063;
52,40625;
53,57813;
51,625;
51,625;
49,08594;
46,35157;
47,91407;
47,13281;
44,39844;
38,53907;
32,67969;
24,28125;
16,66407;
6,507813;
-0,71875;
-7,359244;
-3,45365;
-5,797602;
-5,992807;
-2,671339;
-2,085723;
-7,164039;
-6,188013;
-6,773628;
-5,405702;
-8,922376;
-10,09361;
-9,898402;
-11,46153;
-10,48402;
-10,67922;
-11,65674;
-9,703197;
-11,85194;
-11,06963;
-11,85194;
-12,43756;
-11,65674;
-11,85194;
-12,04715;
-12,04715;
-13,02318;
-12,04715;
-12,24235;
-11,85194;
-13,21838;
-11,06963;
-9,898402;
-10,67922;
-12,63276;
-10,67922;
-12,24235;
-12,04715;
-11,46153;
-11,85194;
-10,67922;
-9,507992;
-10,87443;
-10,87443;
-9,703197;
-9,703197;
-10,48402;
-9,117581;
-7,749654;
-9,312786;
-8,33527;
-8,531965;
-8,922376;
-7,359244;
-6,773628;
-5,600907;
-7,94486;
-5,600907;
-6,383218;
-5,600907;
-6,773628;
-3,45365;
1,039063;
5,140625;
11,39063;
18,03125;
25,64844;
40,6875;
49,08594;
53,38282;
54,75;
55,14063;
56,70313;
56,3125;
55,92188;
55,53125;
59,43751;
58,07032;
58,46095;
60,02344;
61,19532;
62,36719;
61,97657;
62,75782;
63,9297;
61,39063;
64,12501;
66,46875;
64,12501;
65,4922;
64,51563;
65,88282;
64,51563;
65,88282;
65,88282;
62,95313;
66,27345;
61,97657;
66,07812;
66,27345;
62,95313;
61,39063;
62,17188;
59,43751;
60,60938;
59,04688;
58,07032;
57,28907;
54,75;
53,96876;
54,16407;
54,75;
52,99219;
51,82032;
52,01563;
51,23438;
50,45313;
49,28125;
45,76563;
44,00782;
40,6875;
37,17188;
30,53125;
21,35156;
12,75781;
5,335938;
-3,648855;
-5,405702;
-5,210496;
-5,015291;
-6,578423;
-3,45365;
-5,797602;
-7,164039;
-5,015291;
-6,968833;
-10,67922;
-10,09361;
-9,507992;
-10,87443;
-10,67922;
-12,63276;
-11,26633;
-10,87443;
-11,85194;
-14,00069;
-12,43756;
-11,46153;
-12,63276;
-14,3911;
-11,85194;
-12,43756;
-12,63276;
-14,3911;
-13,41359;
-13,60879;
-13,02318;
-14,58631;
-13,21838;
-12,04715;
-10,67922;
-12,24235;
-13,02318;
-11,06963;
-11,85194;
-10,67922;
-11,46153;
-10,09361;
-10,28881;
-9,703197;
-10,28881;
-8,531965;
-10,28881;
-7,749654;
-8,922376;
-7,94486;
-7,359244;
-7,749654;
-8,531965;
-6,188013;
-8,33527;
-6,968833;
-5,992807;
-6,188013;
-5,797602;
-6,383218;
-4,624881;
-4,23447;
-2,866544;
3,382813;
6,703126;
12,5625;
20,96094;
30,92188;
44,78907;
51,82032;
52,60157;
54,55469;
54,55469;
56,50782;
54,55469;
56,89844;
56,89844;
59,43751;
59,04688;
60,21875;
60,02344;
61,0;
62,17188;
61,0;
64,12501;
64,71094;
63,73437;
63,53907;
64,71094;
66,07812;
64,51563;
64,90626;
65,29688;
65,29688;
66,07812;
62,56251;
64,90626;
64,71094;
63,53907;
62,75782;
59,82813;
61,0;
60,21875;
59,63282;
60,02344;
60,41407;
59,04688;
59,04688;
60,8047;
57,28907;
56,11719;
55,53125;
53,57813;
53,77344;
52,40625;
51,625;
49,47657;
49,47657;
48,30469;
47,91407;
43,22657;
40,88282;
34,82813;
25,64844;
19,39844;
12,5625;
1,625;
-5,797602;
-3,45365;
-4,624881;
-3,258444;
-3,45365;
-0,9140626;
-5,210496;
-6,773628;
-6,188013;
-7,164039;
-7,554449;
-9,507992;
-10,09361;
-10,28881;
-10,09361;
-8,922376;
-9,898402;
-10,87443;
-11,46153;
-13,02318;
-10,48402;
-11,46153;
-13,21838;
-9,898402;
-12,43756;
-11,85194;
-14,78151;
-12,04715;
-11,46153;
-14,58631;
-13,804;
-11,46153;
-13,41359;
-12,04715;
-13,02318;
-10,87443;
-11,26633;
-12,63276;
-9,703197;
-12,82797;
-11,06963;
-10,67922;
-10,48402;
-8,922376;
-11,46153;
-10,67922;
-10,28881;
-7,164039;
-8,531965;
-9,898402;
-8,531965;
-8,727171;
-7,359244;
-7,164039;
-7,554449;
-6,773628;
-6,188013;
-7,359244;
-6,383218;
-4,624881;
-5,015291;
-4,624881;
-0,328125;
4,75;
8,656251;
15,6875;
24,67188;
34,4375;
45,17969;
51,23438;
55,53125;
55,14063;
53,38282;
55,53125;
56,70313;
57,28907;
57,875;
58,07032;
60,60938;
60,21875;
60,02344;
61,19532;
60,02344;
60,02344;
62,75782;
63,14845;
61,97657;
64,12501;
64,51563;
63,73437;
64,32032;
65,10156;
65,4922;
64,32032;
65,29688;
65,4922;
64,12501;
64,32032;
62,17188;
63,9297;
61,97657;
64,32032;
62,17188;
59,82813;
58,46095;
59,24219;
57,875;
59,63282;
57,875;
57,28907;
55,92188;
53,77344;
54,55469;
53,38282;
52,01563;
50,0625;
50,84376;
47,32813;
47,52344;
45,96094;
42,64063;
37,5625;
33,85157;
25,45313;
15,6875;
8,460938;
1,234375;
-5,405702;
-3,45365;
-2,866544;
-4,624881;
-5,600907;
-5,015291;
-3,648855;
-5,015291;
-7,94486;
-9,703197;
-7,94486;
-11,85194;
-8,922376;
-8,922376;
-12,82797;
-10,48402;
-13,21838;
-12,43756;
-10,67922;
-11,46153;
-12,43756;
-10,67922;
-11,26633;
-11,06963;
-11,85194;
-12,04715;
-12,43756;
-13,60879;
-12,63276;
-13,21838;
-12,82797;
-12,04715;
-10,87443;
-10,28881;
-13,41359;
-10,09361;
-12,82797;
-10,48402;
-13,60879;
-10,09361;
-11,85194;
-9,312786;
-12,43756;
-10,28881;
-11,85194;
-9,312786;
-8,922376;
-8,727171;
-8,531965;
-7,359244;
-8,922376;
-8,727171;
-7,94486;
-7,94486;
-7,94486;
-7,94486;
-9,312786;
-5,992807;
-4,429676;
-5,992807;
-4,820086;
-4,23447;
3,578125;
6,117188;
11,78125;
17,25;
26,625;
40,29687;
48,30469;
53,1875;
52,60157;
54,55469;
53,38282;
54,75;
56,70313;
58,85157;
59,04688;
59,82813;
59,63282;
60,8047;
61,0;
61,19532;
63,14845;
60,60938;
63,14845;
62,75782;
63,9297;
64,12501;
64,12501;
64,32032;
63,34375;
66,85938;
65,29688;
65,10156;
64,12501;
65,68751;
63,73437;
63,9297;
63,14845;
63,53907;
63,73437;
63,34375;
60,21875;
63,73437;
59,82813;
59,82813;
58,07032;
57,48438;
57,28907;
56,11719;
53,57813;
54,16407;
54,35937;
52,79688;
54,16407;
50,0625;
50,45313;
48,89063;
45,17969;
45,76563;
42,83594;
34,82813;
22,32813;
12,36719;
6,3125;
-1,890518;
-4,624881;
-5,600907;
-4,624881;
-5,600907;
-5,797602;
-5,015291;
-6,968833;
-8,531965;
-8,33527;
-11,85194;
-8,531965;
-8,531965;
-13,21838;
-10,48402;
-9,312786;
-10,09361;
-11,06963;
-11,26633;
-11,06963;
-10,87443;
-10,28881;
-11,65674;
-10,67922;
-12,63276;
-12,43756;
-11,85194;
-15,75754;
-11,46153;
-13,21838;
-10,09361;
-14,58631;
-12,63276;
-11,46153;
-11,46153;
-11,46153;
-12,24235;
-11,65674;
-12,82797;
-11,46153;
-10,28881;
-9,898402;
-14,97672;
-10,67922;
-11,65674;
-9,507992;
-10,09361;
-12,43756;
-9,703197;
-7,359244;
-6,968833;
-10,28881;
-7,164039;
-8,33527;
-6,968833;
-9,703197;
-7,359244;
-7,554449;
-6,773628;
-5,797602;
-4,820086;
-5,015291;
-3,84406;
5,921875;
5,921875;
13,73438;
24,67188;
32,09375;
44,00782;
51,625;
51,82032;
54,55469;
54,16407;
57,48438;
57,28907;
56,89844;
58,07032;
59,24219;
56,89844;
61,97657;
61,0;
63,34375;
64,71094;
62,36719;
62,95313;
63,73437;
63,9297;
62,56251;
64,32032;
61,58594;
63,9297;
65,68751;
65,29688;
66,46875;
65,68751;
63,73437;
64,32032;
64,32032;
63,73437;
64,32032;
62,17188;
62,17188;
62,36719;
62,95313;
59,43751;
61,39063;
58,65625;
58,07032;
56,70313;
56,89844;
55,72656;
54,55469;
54,55469;
52,60157;
52,99219;
50,25781;
50,0625;
47,52344;
47,71875;
46,9375;
44,59375;
40,29687;
33,46094;
28,38282;
18,8125;
10,41406;
2,992188;
-5,015291;
-5,210496;
-4,039265;
-3,648855;
-5,015291;
-4,820086;
-4,820086;
-6,383218;
-9,117581;
-7,554449;
-10,28881;
-9,117581;
-8,922376;
-11,85194;
-10,48402;
-10,67922;
-9,117581;
-12,24235;
-11,06963;
-11,26633;
-13,41359;
-11,26633;
-11,46153;
-13,804;
-11,46153;
-10,48402;
-12,04715;
-12,04715;
-12,63276;
-12,04715;
-13,02318;
-11,85194;
-14,3911;
-12,82797;
-12,43756;
-10,67922;
-12,04715;
-12,04715;
-11,46153;
-10,48402;
-12,43756;
-9,898402;
-11,85194;
-10,48402;
-10,28881;
-11,85194;
-8,922376;
-10,48402;
-9,312786;
-10,48402;
-8,531965;
-9,507992;
-7,164039;
-6,968833;
-8,140065;
-7,359244;
-5,797602;
-7,359244;
-5,015291;
-5,600907;
-3,063239;
-3,84406;
2,015625;
4,359375;
7,875001;
19,39844;
27,01563;
37,17188;
45,375;
52,40625;
53,1875;
57,67969;
55,72656;
55,92188;
55,92188;
55,72656;
56,11719;
58,26563;
59,63282;
61,0;
60,60938;
62,36719;
62,56251;
59,82813;
63,73437;
62,95313;
62,95313;
63,9297;
63,53907;
65,4922;
65,88282;
65,29688;
64,90626;
66,27345;
62,75782;
63,14845;
63,53907;
63,53907;
62,17188;
62,17188;
62,56251;
62,36719;
61,78125;
61,58594;
59,82813;
60,02344;
58,65625;
57,67969;
60,21875;
56,89844;
53,38282;
54,35937;
52,99219;
50,84376;
49,47657;
51,42969;
51,82032;
48,89063;
45,57032;
43,22657;
42,44532;
37,95313;
31,50781;
23,10938;
15,49219;
7,484376;
0,8437499;
-4,23447;
-3,45365;
-5,600907;
-7,164039;
-3,648855;
-5,210496;
-7,554449;
-7,359244;
-7,554449;
-6,968833;
-8,33527;
-9,117581;
-11,85194;
-9,898402;
-11,26633;
-8,922376;
-12,43756;
-9,507992;
-15,17192;
-12,24235;
-11,26633;
-12,24235;
-12,63276;
-12,43756;
-13,60879;
-11,85194;
-13,02318;
-13,60879;
-12,82797;
-13,60879;
-13,21838;
-12,43756;
-12,24235;
-11,85194;
-13,02318;
-11,85194;
-11,46153;
-13,02318;
-13,02318;
-11,26633;
-9,703197;
-11,06963;
-11,85194;
-10,09361;
-11,65674;
-10,09361;
-8,33527;
-9,117581;
-8,33527;
-9,117581;
-8,727171;
-8,531965;
-9,312786;
-7,164039;
-7,749654;
-7,749654;
-6,383218;
-6,578423;
-4,039265;
-3,84406;
-3,84406;
-3,648855;
1,039063;
4,75;
7,875001;
19,98438;
28,96875;
39,125;
49,67188;
52,99219;
53,96876;
56,50782;
55,72656;
55,92188;
56,89844;
56,70313;
58,65625;
59,04688;
59,04688;
60,02344;
61,58594;
60,8047;
61,97657;
62,36719;
65,4922;
61,58594;
64,12501;
62,17188;
64,71094;
64,12501;
63,34375;
64,71094;
65,29688;
65,29688;
63,34375;
65,29688;
64,12501;
62,36719;
63,34375;
62,95313;
61,78125;
60,8047;
62,17188;
60,8047;
60,60938;
58,07032;
58,26563;
54,75;
57,28907;
56,70313;
54,16407;
55,92188;
55,72656;
52,40625;
51,23438;
49,86719;
50,0625;
48,10938;
45,76563;
44,20313;
41,07813;
36,19532;
28,96875;
21,15625;
12,75781;
7,093751;
-5,210496;
-5,405702;
-4,820086;
-3,648855;
-3,258444;
-5,992807;
-5,210496;
-6,968833;
-8,33527;
-6,773628;
-7,554449;
-11,65674;
-8,531965;
-10,67922;
-8,140065;
-10,09361;
-10,67922;
-11,65674;
-11,06963;
-11,06963;
-14,1959;
-10,87443;
-11,85194;
-12,82797;
-12,43756;
-11,65674;
-11,85194;
-11,46153;
-11,65674;
-12,04715;
-11,65674;
-12,43756;
-13,21838;
-11,46153;
-10,87443;
-11,26633;
-11,26633;
-13,21838;
-10,09361;
-9,898402;
-11,06963;
-10,28881;
-12,04715;
-9,117581;
-8,922376;
-8,922376;
-8,727171;
-7,94486;
-8,531965;
-10,09361;
-5,797602;
-10,48402;
-8,33527;
-8,140065;
-6,383218;
-7,749654;
-7,94486;
-5,600907;
-5,797602;
-5,015291;
-4,820086;
-4,23447;
-2,085723;
3,1875;
8,070313;
14,71094;
21,9375;
33,85157;
43,8125;
51,42969;
51,42969;
53,96876;
53,38282;
56,50782;
57,28907;
55,92188;
58,85157;
58,07032;
59,63282;
60,21875;
59,63282;
61,97657;
61,78125;
61,97657;
62,17188;
63,14845;
64,90626;
63,34375;
63,14845;
63,73437;
63,34375;
64,51563;
64,90626;
65,88282;
63,73437;
65,4922;
64,32032;
65,4922;
65,29688;
63,14845;
62,56251;
61,78125;
61,39063;
59,63282;
59,24219;
59,43751;
59,63282;
58,65625;
56,50782;
57,09376;
56,11719;
56,3125;
54,75;
54,94532;
52,99219;
52,60157;
49,28125;
49,67188;
49,08594;
45,57032;
42,64063;
41,46875;
32,67969;
25,84375;
17,25;
6,703126;
2,210938;
-5,015291;
-7,164039;
-4,624881;
-3,648855;
-4,039265;
-1,695313;
-6,188013;
-5,797602;
-6,773628;
-6,773628;
-7,94486;
-9,703197;
-9,703197;
-9,507992;
-9,703197;
-11,06963;
-10,67922;
-11,85194;
-11,85194;
-10,48402;
-11,85194;
-13,804;
-11,46153;
-13,804;
-10,67922;
-13,60879;
-13,21838;
-11,85194;
-11,65674;
-13,41359;
-13,804;
-13,02318;
-12,04715;
-11,65674;
-12,82797;
-10,67922;
-12,43756;
-11,65674;
-13,02318;
-12,63276;
-12,43756;
-9,312786;
-10,67922;
-10,09361;
-10,87443;
-11,26633;
-8,531965;
-9,898402;
-8,727171;
-7,359244;
-8,140065;
-6,383218;
-6,773628;
-9,117581;
-7,94486;
-11,06963;
-7,359244;
-6,578423;
-4,820086;
-4,820086;
-3,45365;
-3,84406;
2,210938;
5,921875;
7,289063;
17,25;
25,0625;
37,75782;
45,375;
52,99219;
50,25781;
53,38282;
55,92188;
56,11719;
57,67969;
54,75;
58,26563;
58,07032;
61,19532;
59,43751;
60,8047;
61,19532;
61,97657;
61,19532;
63,53907;
62,17188;
62,36719;
64,90626;
64,90626;
65,29688;
63,34375;
64,32032;
65,10156;
65,29688;
63,73437;
63,73437;
65,4922;
65,10156;
63,73437;
63,73437;
60,60938;
63,73437;
61,58594;
60,60938;
59,82813;
58,26563;
59,63282;
58,46095;
56,70313;
52,21095;
56,3125;
53,77344;
52,79688;
53,1875;
50,84376;
50,84376;
50,0625;
48,10938;
46,15625;
45,96094;
42,25;
36,78125;
30,33594;
21,9375;
14,51563;
6,3125;
-1,695313;
-4,23447;
-6,383218;
-4,429676;
-4,23447;
-4,23447;
-3,84406;
-8,922376;
-7,554449;
-7,164039;
-9,898402;
-9,507992;
-10,48402;
-10,09361;
-9,898402;
-8,922376;
-12,24235;
-11,85194;
-11,65674;
-12,63276;
-12,43756;
-12,04715;
-13,41359;
-12,04715;
-13,804;
-11,65674;
-14,3911;
-12,63276;
-13,41359;
-13,60879;
-11,85194;
-14,3911;
-12,24235;
-14,3911;
-14,1959;
-12,82797;
-11,06963;
-12,43756;
-10,67922;
-10,87443;
-11,06963;
-10,09361;
-9,703197;
-11,26633;
-11,26633;
-8,727171;
-11,85194;
-9,117581;
-9,507992;
-11,06963;
-8,531965;
-7,94486;
-10,09361;
-9,507992;
-9,703197;
-9,117581;
-7,554449;
-6,188013;
-5,405702;
-5,210496;
-5,210496;
-3,258444;
-3,45365;
2,601563;
5,335938;
14,32031;
21,54688;
34,4375;
41,85938;
49,47657;
52,40625;
52,79688;
54,94532;
56,11719;
55,14063;
58,07032;
57,67969;
57,09376;
59,24219;
59,82813;
61,39063;
60,21875;
62,17188;
62,56251;
62,17188;
62,36719;
63,53907;
64,32032;
63,34375;
65,10156;
64,90626;
64,71094;
66,27345;
66,27345;
63,34375;
65,10156;
64,71094;
62,95313;
62,56251;
62,95313;
62,75782;
62,56251;
61,58594;
58,65625;
60,8047;
57,67969;
60,41407;
57,09376;
58,46095;
55,33595;
55,33595;
56,89844;
54,55469;
53,77344;
53,57813;
51,23438;
52,60157;
50,84376;
48,10938;
47,32813;
44,00782;
39,71094;
33,65625;
28,1875;
21,35156;
13,14844;
3,382813;
-5,015291;
-3,258444;
-5,797602;
-5,210496;
-4,23447;
-4,23447;
-4,429676;
-6,188013;
-7,164039;
-9,703197;
-7,749654;
-9,312786;
-10,87443;
-10,48402;
-12,04715;
-11,85194;
-10,48402;
-12,04715;
-10,28881;
-12,82797;
-11,06963;
-11,46153;
-12,24235;
-12,63276;
-11,65674;
-12,82797;
-12,82797;
-12,43756;
-13,804;
-11,65674;
-13,804;
-14,58631;
-13,02318;
-10,28881;
-13,41359;
-11,46153;
-12,24235;
-11,85194;
-11,85194;
-9,898402;
-11,46153;
-10,09361;
-11,46153;
-8,140065;
-9,898402;
-11,26633;
-10,09361;
-8,531965;
-9,703197;
-9,507992;
-8,727171;
-8,727171;
-11,06963;
-6,578423;
-7,94486;
-7,359244;
-5,210496;
-6,968833;
-6,188013;
-5,210496;
-4,624881;
-5,015291;
-0,5234376;
3,578125;
9,046876;
15,88282;
25,0625;
36,39063;
46,15625;
50,64844;
52,01563;
53,77344;
55,53125;
56,11719;
54,35937;
